https://github.com/maxmind/geoip-api-java/blob/0ed8a38981512667533d47204486aae0278a1bc8/src/main/java/com/maxmind/geoip/regionName.java#L11-L23,65ef1dee5a95384cecf87e90fda505cc
https://github.com/maxmind/geoip-api-java/blob/0ed8a38981512667533d47204486aae0278a1bc8/src/main/java/com/maxmind/geoip/timeZone.java#L33-L81,970f8eefa51f3083bcdb1748da8c4e7e
https://github.com/magdel/MapNav/blob/97c4f93f02a56aa1ce2b2ffc8d0cd41ed150e9b3/src/main/java/RPMap/MapCanvas.java#L1732-L1734,c8f88f8e81a5c6477434b0fa5e742d63
https://github.com/messai-engineering/Yuga/blob/40b006970e6e9a1eb5fc13e739f22232c683a965/src/main/java/com/twelfthmile/yuga/Yuga.java#L239C33-L245,2243e187eedf266248ec0f1659dff1fb
https://github.com/pvto/konte-art/blob/03c969d8fd62ba3c7175a840e6a785049183f4b6/src/main/java/org/konte/parse/Parser.java#L611-L613,ffbec4b817826ed207da13884a3ea8cf
https://github.com/tud-fop/j-Algo/blob/f59fbbd9ccc3f41d6866fda44324622e2b47eef2/src/main/java/c00/parser/C00Parser.java#L1146C1-L1155C31,a6c7411a615e6dcf175612812be3ba8d
https://github.com/tud-fop/j-Algo/blob/f59fbbd9ccc3f41d6866fda44324622e2b47eef2/src/main/java/c00/parser/C00Lexer.java#L1628C11-L1633C12,61b6924695b1532584097b1b2515d57a
https://github.com/PeterisP/morphology/blob/1195adb7bb994292e5b06f2b20f4feb6191ca951/src/main/java/lv/semti/morphology/analyzer/Mijas.java#L122C2-L125C96,200f0380398925ff08d3694850c22053
https://github.com/mvel/mvel/blob/236d37bc78a158553592afedbbf1aa27815efb78/src/main/java/org/mvel2/compiler/AbstractParser.java#L324-L329,8f1deeee0d96f81c9a24e2d318d74eda
https://github.com/PeterisP/morphology/blob/1195adb7bb994292e5b06f2b20f4feb6191ca951/src/main/java/lv/semti/morphology/analyzer/Mijas.java#L767-L774,7cdfc3bcc795f33dd7b41067da922130
https://github.com/hoijui/Jawk/blob/33cfbc2bc14bc9c75fedccbe2963ef26b61543dc/src/main/java/org/jawk/backend/AVM.java#L563C1-L584C8,e9649e7abe1bbc829f98c00eb27c35a9
https://github.com/StarlangSoftware/TurkishMorphologicalDisambiguation/blob/bf8dbc2cd835c67178eb896939ad1009b6743486/src/main/java/MorphologicalDisambiguation/AutoDisambiguator.java#L275-L281,404c4d556c0ef64eb8de9c8ea6c24aeb
https://github.com/graphstream/gs-core/blob/950b87280075f92a85b564b47ce6522ced5ba53a/src/org/graphstream/ui/graphicGraph/stylesheet/parser/StyleSheetParserTokenManager.java#L72-L96,2b1370dce665a0193db30e859314d922
https://github.com/tud-fop/j-Algo/blob/f59fbbd9ccc3f41d6866fda44324622e2b47eef2/src/main/java/c00/parser/C00Parser.java#L4496-L4505,447725e83a7ec6c3eeb8693874d75ba4
https://github.com/apache/dubbo-hessian-lite/blob/ca001b4658227d5122f85bcb45032a0dac4faf0d/src/main/java/com/alibaba/com/caucho/hessian/io/Hessian2Input.java#L2594C2-L2600C42,fd8e660e67564a4a7da1c5657102562f
https://github.com/smola/galimatias/blob/0771a10ef5021181fc172b95ac39e9f4c7ada2e8/src/main/java/io/mola/galimatias/URLParser.java#L472C2-L479C26,3f3fbd4afaaa698565afcf4b0e9d74f7
https://github.com/apache/dubbo-hessian-lite/blob/ca001b4658227d5122f85bcb45032a0dac4faf0d/src/main/java/com/alibaba/com/caucho/hessian/io/HessianDebugState.java#L588C5-L595C22,6d152d9edd27187f86152fae3779efad
https://github.com/tvesalainen/bcc/blob/8bfbb307418a422d57370b2df12fdfb1126f3407/src/main/java/org/vesalainen/bcc/ByteCodeDump.java#L428C1-L437C22,958a897398113fd65d50b9c12f6903ed
https://github.com/pfmiles/min-velocity/blob/4e8ec4f64681c1d6941bf8d90a51849e87b86cf5/src/main/java/com/github/pfmiles/org/apache/velocity/runtime/parser/ParserTokenManager.java#L4456C1-L4460C42,63c838be7f5f37dc74d5787ac51987a5
https://github.com/dingjs/javaagent/blob/aa1cea60d0042f58977fb5d42c16afca92ad589d/src/main/java/com/wenshuo/agent/javassist/bytecode/analysis/Executor.java#L282C1-L293C51,e4fa15ebe6c42da03f6b4c80aafc3d34
https://github.com/tommyettinger/RegExodus/blob/48a8167a5dc1e381fc741fabd425965a22aa1503/src/main/java/regexodus/Matcher.java#L1422C1-L1428C30,8d31e32718e0f2983e4a9ea950ebff89
https://github.com/magdel/MapNav/blob/97c4f93f02a56aa1ce2b2ffc8d0cd41ed150e9b3/src/main/java/app/MapForms.java#L1022C1-L1049C22,833c3068b64fed8755a4d6b60f91d56f
https://github.com/apache/dubbo-hessian-lite/blob/ca001b4658227d5122f85bcb45032a0dac4faf0d/src/main/java/com/alibaba/com/caucho/hessian/io/Hessian2Input.java#L1795C1-L1797C36,06de3ce0d1fd5a2dba2579c371ea099d
https://github.com/jai-imageio/jai-imageio-core/blob/f81bc1ab19faa210ad289c6ae2588bc1157fd07a/src/main/java/com/github/jaiimageio/impl/plugins/tiff/TIFFImageWriter.java#L745C1-L750C22,66712aa3273f5d62f70894ee4022e4d8
https://github.com/mvel/mvel/blob/236d37bc78a158553592afedbbf1aa27815efb78/src/main/java/org/mvel2/math/MathProcessor.java#L350-L364,49286d2a574874fb3f6e1472f5a5965b
https://github.com/bruceran/krpc/blob/33c83d78574a472e3cbfc75afa87ec57253cc90c/src/main/java/krpc/rpc/bootstrap/Bootstrap.java#L598C1-L604C22,4e00ce7cede54c1be5f1ba6e179bc5e0
https://github.com/jai-imageio/jai-imageio-core/blob/f81bc1ab19faa210ad289c6ae2588bc1157fd07a/src/main/java/com/github/jaiimageio/impl/plugins/raw/RawRenderedImage.java#L312C1-L319C46,d0c725ad86c11655829e5e183a017958
https://github.com/magdel/MapNav/blob/97c4f93f02a56aa1ce2b2ffc8d0cd41ed150e9b3/src/main/java/RPMap/MapCanvas.java#L5412C1-L5414C19,3cbe95c4597a5cf0e3bfaf55ea789d43
https://github.com/jtidy/jtidy/blob/aade7c5a6c1007d013859ac95378a2d469f5e254/src/main/java/org/w3c/tidy/PPrint.java#L737C1-L778C18,815fea1e412fe38b6d898a13d10fec77
https://github.com/apache/dubbo-hessian-lite/blob/ca001b4658227d5122f85bcb45032a0dac4faf0d/src/main/java/com/alibaba/com/caucho/hessian/io/Hessian2Input.java#L1114C4-L1114C82,f6f791adb407cb1a358a3424ca39a128
https://github.com/apache/dubbo-hessian-lite/blob/ca001b4658227d5122f85bcb45032a0dac4faf0d/src/main/java/com/alibaba/com/caucho/hessian/io/Hessian2Input.java#L899C1-L902C35,ecd38950f5188558f40334d97ea61f4b
https://github.com/apache/dubbo-hessian-lite/blob/ca001b4658227d5122f85bcb45032a0dac4faf0d/src/main/java/com/alibaba/com/caucho/hessian/io/Hessian2Input.java#L1404C16-L1404C83,786df31443ec98a88aad6aac2bde12a7
https://github.com/apache/dubbo-hessian-lite/blob/ca001b4658227d5122f85bcb45032a0dac4faf0d/src/main/java/com/alibaba/com/caucho/hessian/io/Hessian2Input.java#L725C3-L728C40,de0f702418c4482333fe1bc0b0e18954
https://github.com/jtidy/jtidy/blob/aade7c5a6c1007d013859ac95378a2d469f5e254/src/main/java/org/w3c/tidy/Lexer.java#L2517C1-L2525C30,33c47b70dcf5449d2840bb0a71a35520
https://github.com/erdtman/java-json-canonicalization/blob/535ab0075405f6aafb96a4197f943838130666d3/src/main/java/org/erdtman/jcs/NumberDToA.java#L461C4-L466C25,7c04670266a82bb745c9abcbdbaccd48
https://github.com/blackbeard334/djoom3/blob/64362645420c99ac621b051a678de96883e2a329/src/main/java/neo/idlib/Text/Parser.java#L2344C2-L2368C18,9f1b46634e3f9700d64563bb91e87eba
https://github.com/delthas/JavaMP3/blob/8b42e48a549813b43c99db9fef525286c888a082/src/main/java/fr/delthas/javamp3/Decoder.java#L648C12-L660C14,de57c268a29f6a1ee9bb392226a779ae
https://github.com/apache/xmlgraphics-commons/blob/d5d782f9fce99774ef206a4a4437fc86f711d9d9/src/main/java/org/apache/xmlgraphics/image/codec/tiff/TIFFImage.java#L931C1-L943C26,f97834c04ac5b44d8b56823dc7284e09
https://github.com/jai-imageio/jai-imageio-core/blob/f81bc1ab19faa210ad289c6ae2588bc1157fd07a/src/main/java/com/github/jaiimageio/impl/plugins/tiff/TIFFImageMetadata.java#L888C1-L905C51,67dbc61ecf2d63def1c6d5c2fca13d1c
https://github.com/jruby/joni/blob/d4696c4f6dcdd1484895abae4b9b3c62874759e1/src/org/joni/Lexer.java#L1178C1-L1183C53,4030d0fcb4b1a542fd040dc357ad9ab5
https://github.com/logpresso/CVE-2021-44228-Scanner/blob/35c37dd6941d6b77d103229302cadd473b97a816/src/main/java/com/logpresso/scanner/Configuration.java#L348-L364,3f34cbe58ae4b106e979c7e52c97fcdb
https://github.com/OpenLiberty/ci.common/blob/b48d061d33b28b6dd5d48f52f25e032e3fc45614/src/main/java/io/openliberty/tools/common/plugins/util/DevUtil.java#L4311C1-L4320C14,dacb07ea55c299d7345117748027805a
https://github.com/meteoinfo/wContour/blob/dade1e866bf3d3eab56bd09f2b1dcdac5c1ee6f6/src/main/java/wcontour/Contour.java#L1699C1-L1708C18,e0d48cd7af3191114ad623c149d7bd5f
https://github.com/pvto/konte-art/blob/03c969d8fd62ba3c7175a840e6a785049183f4b6/src/main/java/org/konte/parse/ExpressionParser.java#L173C1-L189C35,54b7035c26859e931bc5b409b86cbd17
https://github.com/mimno/Mallet/blob/ff204eb8aa7f414e779f37843fb68b3e1fdc7015/src/cc/mallet/classify/tui/Vectors2Classify.java#L268C1-L274C6,89a27998edff11c6b9f44da48a18f547
https://github.com/mjsalerno/UnoBot/blob/4ee2ef9abe11a299a434f9ea998b6dddd8a4b0aa/src/main/java/com/mjsalerno/unobot/UnoBot.java#L576C1-L587C18,cd039b3e1cc258bba4c0595c854e86c5
https://github.com/apache/xmlgraphics-commons/blob/d5d782f9fce99774ef206a4a4437fc86f711d9d9/src/main/java/org/apache/xmlgraphics/image/codec/tiff/TIFFImage.java#L216C6-L231C43,a1aa2afc091d9cb4035dccdec79a0429
https://github.com/STEMLab/JIneditor/blob/ccca7bec12fe58583d25da0d13ae038b27d34424/src/main/java/edu/pnu/gui/CanvasPanel.java#L401C1-L417C18,e66c25396256aa773dd450501de3e7df
https://github.com/jai-imageio/jai-imageio-core/blob/f81bc1ab19faa210ad289c6ae2588bc1157fd07a/src/main/java/com/github/jaiimageio/plugins/tiff/TIFFDecompressor.java#L1143C1-L1152C22,8e137e1dcc78732b90b6540dc4dcfe92
https://github.com/streamx-co/ExTree/blob/2cb6b78c0eb4dc25fa81f582641b5464779a93fa/src/main/java/co/streamx/fluent/extree/expression/ExpressionMethodVisitor.java#L435C1-L437C94,3da1cb101cae46a496a5d034865a1cf0
https://github.com/meteoinfo/wContour/blob/dade1e866bf3d3eab56bd09f2b1dcdac5c1ee6f6/src/main/java/wcontour/Contour.java#L270C1-L317C22,1826f7d4d897f49d51b57d7bf8e520c4
https://github.com/apache/xmlgraphics-commons/blob/d5d782f9fce99774ef206a4a4437fc86f711d9d9/src/main/java/org/apache/xmlgraphics/image/codec/tiff/TIFFImageEncoder.java#L448C1-L454C18,dd3c4e1ae7c1175f1d075b5e59445a64
https://github.com/jruby/jcodings/blob/4eb6216f88f2b4ce80b555cc58e3f86e88b72c86/src/org/jcodings/transcode/Transcoding.java#L231C14-L245C30,6fd913163cba358c60a2bd048a685976
https://github.com/mvel/mvel/blob/236d37bc78a158553592afedbbf1aa27815efb78/src/main/java/org/mvel2/optimizers/impl/asm/ASMAccessorOptimizer.java#L1833C1-L1842C10,9b0b32c02f8a22bf7c69b1f9cd8a2bc9
https://github.com/jai-imageio/jai-imageio-core/blob/f81bc1ab19faa210ad289c6ae2588bc1157fd07a/src/main/java/com/github/jaiimageio/impl/plugins/tiff/TIFFImageWriter.java#L1762C3-L1767C36,d286194cd46a389b72956b60ce4c8358
https://github.com/tommyettinger/RegExodus/blob/48a8167a5dc1e381fc741fabd425965a22aa1503/src/main/java/regexodus/CharacterClass.java#L507C1-L519C30,15d174e9b4ed952d7608412ef688aaca
https://github.com/StarlangSoftware/TurkishMorphologicalAnalysis/blob/26450b47db92b64580a2bfa4a0d7d0bce38edd49/src/main/java/MorphologicalAnalysis/Transition.java#L317C1-L329C47,fad918a65d6a94f56a4adb1c00a9fc06
https://github.com/LHNCBC/metamaplite/blob/3eac19c131c1c24c16a8e279d171c3747bd1fc76/src/main/java/gov/nih/nlm/nls/ner/MetaMapLite.java#L1588C1-L1607C3,b50eb2b11d614020a922bb2f901b511b
https://github.com/hoijui/Jawk/blob/33cfbc2bc14bc9c75fedccbe2963ef26b61543dc/src/main/java/org/jawk/frontend/AwkParser.java#L697C1-L710C6,0de4b4c1633364379836b588c6b0ea52
https://github.com/SvenEwald/xmlbeam/blob/84a2a91c216622c611a948d88792c846b532aa0a/src/main/java/org/xmlbeam/util/intern/duplex/ExpressionTypeEvaluationVisitor.java#L136C1-L151C14,b595e787fca192db4c7dfd4b0d123b35
https://github.com/EsotericSoftware/yamlbeans/blob/763726d51c99824218051e485e1b44f7477456fa/src/com/esotericsoftware/yamlbeans/YamlReader.java#L350C1-L359C8,e525bb934c86f182b5f12fc24fcbb30a
https://github.com/apache/commons-imaging/blob/d3b3b534198d2b0b631379515e2b53905b425e70/src/main/java/org/apache/commons/imaging/formats/jpeg/JpegImageParser.java#L391C1-L407C22,7efcaeb2b36db9ad7350a5b0b70c6129
https://github.com/albfernandez/itext2/blob/5ac684e2140a3d9a5b4c34dfd2639dcc87884ad0/src/main/java/com/lowagie/text/xml/simpleparser/SimpleXMLParser.java#L376C2-L383C38,22d70cb3278e02950366aa29ae0936c1
https://github.com/jai-imageio/jai-imageio-core/blob/f81bc1ab19faa210ad289c6ae2588bc1157fd07a/src/main/java/com/github/jaiimageio/impl/plugins/pnm/PNMImageWriter.java#L443C14-L454C18,f17445b3bebbb192e44b47b6a6928267
https://github.com/Harium/keel/blob/bb6a1cf5104d609399ddf9a803ae60d6caee7a3b/src/main/java/com/harium/keel/catalano/math/decomposition/SingularValueDecomposition.java#L180C1-L188C18,db94833ffc5c9eb866083202fa35a3c0
https://github.com/albfernandez/itext2/blob/5ac684e2140a3d9a5b4c34dfd2639dcc87884ad0/src/main/java/com/lowagie/text/pdf/PdfDocument.java#L1568C23-L1578C51,c6d0e4247812a4cef2e0cc6dec05da7c
https://github.com/Zettelkasten-Team/Zettelkasten/blob/b68dc7638b9f9287c9528d4171a9014e8ba3eed3/src/main/java/de/danielluedecke/zettelkasten/tasks/importtasks/ImportFromZkn.java#L623C2-L638C8,8026500a6a5838cbede9a43159bd6913
https://github.com/jai-imageio/jai-imageio-core/blob/f81bc1ab19faa210ad289c6ae2588bc1157fd07a/src/main/java/com/github/jaiimageio/impl/plugins/bmp/BMPImageWriter.java#L678C1-L684C22,5d5369c071c5b2cec89e5793ba229164
https://github.com/blackbeard334/djoom3/blob/64362645420c99ac621b051a678de96883e2a329/src/main/java/neo/ui/Window.java#L1598C1-L1604C38,3ee57713761e5a52acc32205002f72ff
https://github.com/OWASP/json-sanitizer/blob/fc612ab374de73d03864d56fb87b6a103b234489/src/main/java/com/google/json/JsonSanitizer.java#L342C2-L350C20,c7de6ed96d2f9ffe455656cfb8540411
https://github.com/loehndorf/scengen/blob/5e11067f76f5631a31b75f823cd3666a769b098f/src/main/java/scengen/application/Generator.java#L186C3-L195C6,5bf5b584e7487dc4952fac3d839fa707
https://github.com/Harium/keel/blob/bb6a1cf5104d609399ddf9a803ae60d6caee7a3b/src/main/java/com/harium/keel/effect/artistic/Blend.java#L385C21-L407C22,19268dfc0b6ff7e9945c1d53d04786cc
https://github.com/meteoinfo/wContour/blob/dade1e866bf3d3eab56bd09f2b1dcdac5c1ee6f6/src/main/java/wcontour/Contour.java#L3109C1-L3123C26,852885eafaa085f04726681bfcc07b60
https://github.com/tud-fop/j-Algo/blob/f59fbbd9ccc3f41d6866fda44324622e2b47eef2/src/main/java/c00/parser/C00Parser.java#L2611C9-L2627C10,0690ef3e4b1869292216ce4f9f14fa5e
https://github.com/sbesada/java.math.expression.parser/blob/cc92f58f6074b21cf6f5d4056b7f7cc5168f50af/src/main/java/com/expression/parser/function/ComplexFunction.java#L102C2-L107C18,603addd4e614f33ff6c9581e841d334f
https://github.com/albfernandez/itext2/blob/5ac684e2140a3d9a5b4c34dfd2639dcc87884ad0/src/main/java/com/lowagie/text/pdf/codec/TiffImage.java#L493C1-L502C22,4f1030e13ab3f9c437f42950db3a41bc
https://github.com/StarlangSoftware/Corpus/blob/c0b50a746e5179df1b236273bcf1ec6d1cc988c7/src/main/java/Corpus/SentenceSplitter.java#L319C24-L362C26,2a41d5ff861b12edf3003c8791d0f052
https://github.com/jai-imageio/jai-imageio-core/blob/f81bc1ab19faa210ad289c6ae2588bc1157fd07a/src/main/java/com/github/jaiimageio/plugins/tiff/TIFFDecompressor.java#L2794C9-L2803C22,3e6b9fb7c03b71293b38c162a8a2f5ac
https://github.com/demidenko05/beigesoft-webstore/blob/624d41d82547ff897ca5b3740d8d73cb2dacf052/src/main/java/org/beigesoft/webstore/processor/PrcWebstorePage.java#L521C1-L530C18,403917371fddaacf6f82655572412c2c
https://github.com/meteoinfo/wContour/blob/dade1e866bf3d3eab56bd09f2b1dcdac5c1ee6f6/src/main/java/wcontour/Contour.java#L4177C1-L4190C38,f8f5bc4bc33f123442886530e20a368a
https://github.com/rythmengine/rythmengine/blob/3439bd728c8e95927cea9146b5d6b59a30c3c516/src/main/java/org/rythmengine/utils/Time.java#L600C1-L610C30,0de82d7d7e4e45270cced0df7173e37e
https://github.com/albfernandez/itext2/blob/5ac684e2140a3d9a5b4c34dfd2639dcc87884ad0/src/main/java/com/lowagie/text/html/simpleparser/HTMLWorker.java#L285C1-L290C10,7fd351de14949612a5c652f78f87bc7d
https://github.com/demidenko05/beigesoft-accounting/blob/0170596e736d3cc69f70c88ced3b9d78f63ddca1/src/main/java/org/beigesoft/accounting/report/InvoiceReportPdf.java#L142C6-L148C8,8b2b37b6b7a1687298afba6d5ddbba81
https://github.com/adobe/commerce-cif-magento-graphql/blob/0bc22bb767a8270f94ee04d85ab2571569a146a1/src/main/java/com/adobe/cq/commerce/magento/graphql/ProductFilterInput.java#L1411C1-L1416C22,76c436dd43d9607ead14a308985b47c6
https://github.com/maven-nar/nar-maven-plugin/blob/e747b5ee080b243e0b817f722a43c9c203bb4df8/src/main/java/com/github/maven_nar/NarCompileMojo.java#L352C1-L362C12,219ef7086d7d140e2eb5f890fd686be8
https://github.com/albfernandez/itext2/blob/5ac684e2140a3d9a5b4c34dfd2639dcc87884ad0/src/main/java/com/lowagie/text/pdf/codec/BmpImage.java#L401C1-L415C65,bbe26e1a3846936e33dd2d41167b9445
https://github.com/unitsofmeasurement/unit-ri/blob/d412fc0b790d7c050dcfb2cba24a4316ece24b5c/src/main/java/tec/units/ri/internal/format/l10n/DecimalFormat.java#L1927C1-L1931C69,02b7ad8858400d5da007755f9292a9b6
https://github.com/OWASP/json-sanitizer/blob/fc612ab374de73d03864d56fb87b6a103b234489/src/main/java/com/google/json/JsonSanitizer.java#L565C1-L576C39,864f640ddf598d902884d68b9e383758
https://github.com/jruby/joni/blob/d4696c4f6dcdd1484895abae4b9b3c62874759e1/src/org/joni/Matcher.java#L341C1-L349C18,17b8aea1e5f56fe3467ed30fd2d059f1
https://github.com/demidenko05/beigesoft-webstore/blob/624d41d82547ff897ca5b3740d8d73cb2dacf052/src/main/java/org/beigesoft/webstore/processor/PrcRefreshItemsInList.java#L776C1-L783C10,4dd9d3e916d2932c292536e3a75299c6
https://github.com/codelibs/jcifs/blob/c9ad4eeaf763ad764cb485c4149a0b236eaa7d3e/src/main/java/jcifs/smb/SmbSessionImpl.java#L949C1-L955C26,80f9ecdf11cbde11b3d3639d96b9912c
https://github.com/blackbeard334/djoom3/blob/64362645420c99ac621b051a678de96883e2a329/src/main/java/neo/ui/EditWindow.java#L287C1-L300C26,5ba490c4627a24de75aea984c154dcf7
https://github.com/attoparser/attoparser/blob/e1049dcd8261fe315b679029e711a9f5ea03f1cc/src/main/java/org/attoparser/select/MarkupSelectorItems.java#L148C1-L150C67,22aab941ba3b551d6489338875a6944d
https://github.com/albfernandez/itext2/blob/5ac684e2140a3d9a5b4c34dfd2639dcc87884ad0/src/main/java/com/lowagie/text/pdf/PdfReader.java#L721C5-L732C22,9b46fda3cb3f8ecca8d85b6c8a6ab8fb
https://github.com/AgNO3/jcifs-ng/blob/2d5b46907f6614b4d600e96128e0060982e03760/src/main/java/jcifs/smb/SmbSessionImpl.java#L947C1-L956C22,af921547b419894659b598b8ec2af5bb
https://github.com/forcedotcom/wsc/blob/df588f1411b855687b9dfb5cfa69026e92ebb34e/src/main/java/com/sforce/ws/parser/MXParser.java#L1929C1-L1942C12,55f0c51fd99923d5bbe9d0c086694d55
https://github.com/sbesada/java.math.numerical.library/blob/a2f18eda6de69c937183771d3b1f268e606a8871/src/main/java/com/mathlibrary/function/FunctionXs.java#L403C1-L428C22,ad934a6d3ff8d373b18fce05c1b85beb
https://github.com/pingcap/tidb-loadbalance/blob/b1d62a4561fee7c525ae4c640a10f55c4702755b/src/main/java/com/tidb/jdbc/conf/StringInspector.java#L418C24-L425C22,7c28f26ebedb681f4c06902abb24d4e5
https://github.com/jai-imageio/jai-imageio-core/blob/f81bc1ab19faa210ad289c6ae2588bc1157fd07a/src/main/java/com/github/jaiimageio/impl/plugins/bmp/BMPImageReader.java#L460C17-L498C18,3b60458e68bcb711a5fcae15260471ee
https://github.com/albfernandez/itext2/blob/5ac684e2140a3d9a5b4c34dfd2639dcc87884ad0/src/main/java/com/lowagie/text/pdf/PushbuttonField.java#L476C1-L492C27,10421de67bb185372bfd58ea5ac64e28
https://github.com/blackbeard334/djoom3/blob/64362645420c99ac621b051a678de96883e2a329/src/main/java/neo/Tools/Compilers/RoqVQ/Codec.java#L269C5-L281C30,2e3e9d5bacfcfb83ba9c32080d2a1904
https://github.com/StarlangSoftware/TurkishMorphologicalAnalysis/blob/26450b47db92b64580a2bfa4a0d7d0bce38edd49/src/main/java/MorphologicalAnalysis/FsmMorphologicalAnalyzer.java#L419C1-L434C30,479e194c53a2ba08831f7d600b5d0dc6
https://github.com/sbesada/java.math.numerical.library/blob/a2f18eda6de69c937183771d3b1f268e606a8871/src/main/java/com/mathlibrary/function/FunctionX.java#L321C1-L326C18,801a5988c45eea81ff161e8170067771
https://github.com/Neop/mudmap2/blob/070650853bc37663525f0d62fb54a029e364eafd/src/main/java/mudmap2/backend/WorldFileReader/current/WorldFileJSON.java#L347C3-L362C67,a6c36d265f509cbaf7753eda2874bd5f
https://github.com/narupley/not-going-to-be-commons-ssl/blob/346bb4e8481316687a643219800a398ecd8f62a8/src/main/java/org/apache/commons/ssl/PKCS8Key.java#L604C1-L638C18,ec08db4dd96b9089b6a8d3d640943ddf
https://github.com/mimno/Mallet/blob/ff204eb8aa7f414e779f37843fb68b3e1fdc7015/src/cc/mallet/util/SVD.java#L69C1-L78C22,cb65eb3a5933ab7adc5b95cbcbdddc6f
https://github.com/StarlangSoftware/TurkishMorphologicalAnalysis/blob/26450b47db92b64580a2bfa4a0d7d0bce38edd49/src/main/java/MorphologicalAnalysis/FsmParse.java#L631C102-L637C106,b6d9f1474fe0942d3ccfc63ebee7e519
https://github.com/Isaac315/sql-translator/blob/78f3fb0091c94563a640ef672de3e75e2b5c3bb2/src/main/java/com/raysonfang/sqltranslator/sql/dialect/oracle/util/OracleSQLDataTypeTransformUtil.java#L87C1-L97C22,3dcad37bcbec7f71bf483ccdd5a9773d
https://github.com/adobe/commerce-cif-magento-graphql/blob/0bc22bb767a8270f94ee04d85ab2571569a146a1/src/main/java/com/adobe/cq/commerce/magento/graphql/ProductSortInput.java#L1270C1-L1275C22,bba3b523a8a48d9ca7a1b1e57f2d1f01
https://github.com/swtcpro/jingtum-lib-java/blob/793e75b9d350ae7385551191bf0b75b307d05354/src/main/java/com/blink/jtblc/client/Remote.java#L537C1-L545C25,996b20d6edded7c2fae5e5528a0420b1
https://github.com/blackbeard334/djoom3/blob/64362645420c99ac621b051a678de96883e2a329/src/main/java/neo/Renderer/Model_lwo.java#L2980C1-L2997C26,f962a442723894c25b2d967a0c4e064c
https://github.com/yinlou/mltk/blob/f50c42986fdd016e7da38d5e381ed24d8fe87e41/src/main/java/mltk/predictor/gam/tool/Visualizer.java#L123C5-L139C6,b4310c49a82484c22d997d8fd8402194
https://github.com/tommyettinger/RegExodus/blob/48a8167a5dc1e381fc741fabd425965a22aa1503/src/main/java/regexodus/Term.java#L1618C1-L1626C18,194310c0d10d75af6321deaa6168d4e0
https://github.com/maven-nar/nar-maven-plugin/blob/e747b5ee080b243e0b817f722a43c9c203bb4df8/src/main/java/com/github/maven_nar/Linker.java#L408C1-L417C14,a927826da1b9d3b0fd02f426733a8245
https://github.com/jai-imageio/jai-imageio-core/blob/f81bc1ab19faa210ad289c6ae2588bc1157fd07a/src/main/java/com/github/jaiimageio/impl/plugins/bmp/BMPMetadata.java#L1006C1-L1027C18,ebd5bd3c7cf48fe230a33cd838515e9d
https://github.com/blackbeard334/djoom3/blob/64362645420c99ac621b051a678de96883e2a329/src/main/java/neo/Tools/Compilers/AAS/AASReach.java#L542C1-L546C50,fa159aee2cab8df7480b7fd390a598d5
https://github.com/blackbeard334/djoom3/blob/64362645420c99ac621b051a678de96883e2a329/src/main/java/neo/Sound/snd_world.java#L1522C1-L1526C36,21fa008316ed9f399e31c43cb024ccf9
https://github.com/blackbeard334/djoom3/blob/64362645420c99ac621b051a678de96883e2a329/src/main/java/neo/idlib/math/Matrix/idMatX.java#L5969C1-L5984C60,37611264b6dc08c12c12b710019718b1
https://github.com/jai-imageio/jai-imageio-core/blob/f81bc1ab19faa210ad289c6ae2588bc1157fd07a/src/main/java/com/github/jaiimageio/impl/plugins/pnm/PNMImageReader.java#L427C1-L436C77,9aa6f8f78c63e8fc2b075e7a6493e413
https://github.com/hummeling/if97/blob/a508c11bea77ebc39d6bf8c7b21854947e07ca96/src/main/java/com/hummeling/if97/Region3.java#L1201C1-L1206C53,fa321d841a3635f0976bc8eb4e499229
https://github.com/finmath/finmath-lib/blob/ad5d22e93e335cd88c95f8f2d7ba6336e3947e68/src/main/java/net/finmath/montecarlo/automaticdifferentiation/backward/RandomVariableDifferentiableAAD.java#L420C2-L423C45,ac0b69f28f25d73b86b463d3466f4edd
https://github.com/mvel/mvel/blob/236d37bc78a158553592afedbbf1aa27815efb78/src/main/java/org/mvel2/optimizers/impl/asm/ASMAccessorOptimizer.java#L1212C1-L1220C12,28d1bb0c897d494ae952e91ef1dcc425
https://github.com/albfernandez/itext2/blob/5ac684e2140a3d9a5b4c34dfd2639dcc87884ad0/src/main/java/com/lowagie/text/pdf/PdfDocument.java#L578C1-L585C47,746101c32fc31eb5b6ca3483bd82a491
https://github.com/mangstadt/biweekly/blob/5baf97e7f64d1daf0c4f6277b3600021be28303e/src/main/java/biweekly/util/com/google/ical/iter/RecurrenceIteratorFactory.java#L232C1-L233C65,975c33523e0edd91f3b941c28e13f8de
https://github.com/iris-edu/stationxml-seed-converter/blob/7526c0b8fd214af02a767142d97638e7bc129dd9/src/main/java/edu/iris/dmc/station/converter/SeedToXmlDocumentConverter.java#L129C1-L135C8,61df5c03f435be28ceba019777ccba23
https://github.com/iris-edu/stationxml-seed-converter/blob/7526c0b8fd214af02a767142d97638e7bc129dd9/src/main/java/edu/iris/dmc/station/converter/SeedToXmlDocumentConverter.java#L129C1-L135C8,61df5c03f435be28ceba019777ccba23
https://github.com/tommyettinger/RegExodus/blob/48a8167a5dc1e381fc741fabd425965a22aa1503/src/main/java/regexodus/Term.java#L1129C1-L1140C42,8e6c37d2edc094727743b3bab081720b
https://github.com/ThreeTen/threetenbp/blob/bdf97bf72f4e5af7ae3c3af1ea8e3407c1451341/src/main/java/org/threeten/bp/format/DateTimeFormatterBuilder.java#L1397C1-L1403C26,92bdc5d75253c06d177c0e8ff2d8c657
https://github.com/staticbeagle/etk4j/blob/393c622d01b9abfcead5c9c0973b4557173502e2/src/main/java/com/wildbitsfoundry/etk4j/math/linearalgebra/EigenvalueDecomposition.java#L570C1-L576C26,30f82ed68d0d4896b998c71f29070eea
https://github.com/maven-nar/nar-maven-plugin/blob/e747b5ee080b243e0b817f722a43c9c203bb4df8/src/main/java/com/github/maven_nar/NarIntegrationTestMojo.java#L707C1-L718C10,10644704db4d27a2ad2a778a58c8f123
https://github.com/albfernandez/itext2/blob/5ac684e2140a3d9a5b4c34dfd2639dcc87884ad0/src/main/java/com/lowagie/text/xml/SAXiTextHandler.java#L460C1-L473C20,0e8bd2009658c61a880bec16aeccb111
https://github.com/albfernandez/itext2/blob/5ac684e2140a3d9a5b4c34dfd2639dcc87884ad0/src/main/java/com/lowagie/text/pdf/PRTokeniser.java#L442C1-L457C51,b27f7ffe7f16993b79325247ec1d10b8
https://github.com/tommyettinger/RegExodus/blob/48a8167a5dc1e381fc741fabd425965a22aa1503/src/main/java/regexodus/Term.java#L521C1-L539C30,d095ef0647c6f87b5971ce00bad3220f
https://github.com/openskynetwork/java-adsb/blob/7d73726841d98357da360ea631bbe12d3def86cc/src/main/java/org/opensky/libadsb/ModeSDecoder.java#L146C1-L152C8,2f3963d7d44fc668bd8f56b89421cdac
https://github.com/EsotericSoftware/yamlbeans/blob/763726d51c99824218051e485e1b44f7477456fa/src/com/esotericsoftware/yamlbeans/emitter/ScalarAnalysis.java#L88C5-L99C6,01edc3923cf8e433e78f7eac3902bf82
https://github.com/blackbeard334/djoom3/blob/64362645420c99ac621b051a678de96883e2a329/src/main/java/neo/idlib/math/Simd_Generic.java#L1286C1-L1294C32,711133b867f321889e471a60153ecd86
https://github.com/tud-fop/j-Algo/blob/f59fbbd9ccc3f41d6866fda44324622e2b47eef2/src/main/java/c00/parser/C00Parser.java#L3663C2-L3671C40,1dd64f2ff504af5c58b81d3834d5c006
https://github.com/alibaba/compileflow/blob/e96a05224f71bf4aa3d9fb37bba85764b2fc153f/src/main/java/com/alibaba/compileflow/engine/common/util/DataType.java#L1057C1-L1065C20,d49eff8fca15bafd7ad3ed025705e7b3
https://github.com/rythmengine/rythmengine/blob/3439bd728c8e95927cea9146b5d6b59a30c3c516/src/main/java/org/rythmengine/utils/Time.java#L971C1-L998C14,ad1a1c5ffafa208c4423f2570bfd4fd3
https://github.com/tommyettinger/RegExodus/blob/48a8167a5dc1e381fc741fabd425965a22aa1503/src/main/java/regexodus/Term.java#L1841C1-L1850C22,a8cf34cc1da11a4058d5262622c09994
https://github.com/mimno/Mallet/blob/ff204eb8aa7f414e779f37843fb68b3e1fdc7015/src/cc/mallet/fst/semi_supervised/tui/SimpleTaggerWithConstraints.java#L439C1-L445C39,e8b8c143f46aed0a9de0ee5715b14246
https://github.com/george-haddad/cardme/blob/2cdb02c627d103041288bc57f06b9deeb02f194a/src/net/sourceforge/cardme/engine/VCardEngine.java#L2345C1-L2353C8,84da069c06b78d6fa744e63bdf2eecff
https://github.com/EXIficient/exificient-core/blob/fce10c39fe654c9ae9660454ac6d6d2abc6a48ac/src/main/java/com/siemens/ct/exi/core/FidelityOptions.java#L395C1-L406C10,eca497b501f9a57974ac87a7378cd214
https://github.com/hoijui/Jawk/blob/33cfbc2bc14bc9c75fedccbe2963ef26b61543dc/src/main/java/org/jawk/backend/AVM.java#L849-L862,01973e419bff7ebc65cf41cdc2a6deff
https://github.com/jai-imageio/jai-imageio-core/blob/f81bc1ab19faa210ad289c6ae2588bc1157fd07a/src/main/java/com/github/jaiimageio/impl/plugins/raw/RawRenderedImage.java#L451C1-L465C1,6d245f247cebe5b25ca54154c1418b7b
https://github.com/jtidy/jtidy/blob/aade7c5a6c1007d013859ac95378a2d469f5e254/src/main/java/org/w3c/tidy/PPrint.java#L904C17-L912C22,1e580558cbf79ff28e294ed2cb9997ea
https://github.com/erdtman/java-json-canonicalization/blob/535ab0075405f6aafb96a4197f943838130666d3/src/main/java/org/erdtman/jcs/NumberDToA.java#L468C1-L473C22,225a1905a0ec5c146bb36dcc002abc69
https://github.com/delthas/JavaMP3/blob/8b42e48a549813b43c99db9fef525286c888a082/src/main/java/fr/delthas/javamp3/Decoder.java#L710C1-L714C14,15c42d7b0bd7ed0b8a9a04f2790f4861
https://github.com/apache/xmlgraphics-commons/blob/d5d782f9fce99774ef206a4a4437fc86f711d9d9/src/main/java/org/apache/xmlgraphics/image/codec/tiff/TIFFImage.java#L954C1-L966C26,d6edd1b826a6f505ff15e5ba11908011
https://github.com/meteoinfo/wContour/blob/dade1e866bf3d3eab56bd09f2b1dcdac5c1ee6f6/src/main/java/wcontour/Contour.java#L1714-L1725,750a3b7393be63cca64e10c286ab83c4
https://github.com/meteoinfo/wContour/blob/dade1e866bf3d3eab56bd09f2b1dcdac5c1ee6f6/src/main/java/wcontour/Contour.java#L118C1-L137C25,a5e29e2e261b4b128b12c21ecaac8421
https://github.com/mvel/mvel/blob/236d37bc78a158553592afedbbf1aa27815efb78/src/main/java/org/mvel2/optimizers/impl/asm/ASMAccessorOptimizer.java#L1991C1-L1996C48,7e3cab804e9432b046179ca2f5ba1a13
https://github.com/tommyettinger/RegExodus/blob/48a8167a5dc1e381fc741fabd425965a22aa1503/src/main/java/regexodus/CharacterClass.java#L551C27-L565C50,7e78b4edb3cbba5fa1f5d707673f2040
https://github.com/Harium/keel/blob/bb6a1cf5104d609399ddf9a803ae60d6caee7a3b/src/main/java/com/harium/keel/catalano/math/decomposition/SingularValueDecomposition.java#L241C1-L256C22,e8b70836b9b251a2e04e48055672bc7f
https://github.com/Zettelkasten-Team/Zettelkasten/blob/b68dc7638b9f9287c9528d4171a9014e8ba3eed3/src/main/java/de/danielluedecke/zettelkasten/tasks/importtasks/ImportFromZkn.java#L770C10-L806C11,4730c43601007c9ad7ab2017bcc321ec
https://github.com/blackbeard334/djoom3/blob/64362645420c99ac621b051a678de96883e2a329/src/main/java/neo/ui/Window.java#L1660C1-L1666C38,94d65b03fba21cb31bec413e071ced02
https://github.com/OWASP/json-sanitizer/blob/fc612ab374de73d03864d56fb87b6a103b234489/src/main/java/com/google/json/JsonSanitizer.java#L353C1-L362C20,7bda25a616e29fb3a4d9e50943c46a9a
https://github.com/unitsofmeasurement/unit-ri/blob/d412fc0b790d7c050dcfb2cba24a4316ece24b5c/src/main/java/tec/units/ri/internal/format/l10n/DecimalFormat.java#L1941C1-L1946C20,cfe30caef76cfd09963e05702c186958
https://github.com/jruby/joni/blob/d4696c4f6dcdd1484895abae4b9b3c62874759e1/src/org/joni/Matcher.java#L352C1-L362C18,ab9d9b231f13416ccec19577572bbca7
https://github.com/demidenko05/beigesoft-webstore/blob/624d41d82547ff897ca5b3740d8d73cb2dacf052/src/main/java/org/beigesoft/webstore/processor/PrcRefreshItemsInList.java#L798C13-L821C14,f56d0534172c121f3c00461cf15b57e8
https://github.com/codelibs/jcifs/blob/c9ad4eeaf763ad764cb485c4149a0b236eaa7d3e/src/main/java/jcifs/smb/SmbSessionImpl.java#L898C1-L902C85,8706fe0c06a9adc80de014e9e2222b1f
https://github.com/attoparser/attoparser/blob/e1049dcd8261fe315b679029e711a9f5ea03f1cc/src/main/java/org/attoparser/select/MarkupSelectorItems.java#L249C1-L255C14,a67f218ba30706d56ddd640b222b8d46
https://github.com/forcedotcom/wsc/blob/df588f1411b855687b9dfb5cfa69026e92ebb34e/src/main/java/com/sforce/ws/parser/MXParser.java#L1964C1-L1971C72,a0f672a4a9e54f2cfdabfa5ea92a4e20
https://github.com/pingcap/tidb-loadbalance/blob/b1d62a4561fee7c525ae4c640a10f55c4702755b/src/main/java/com/tidb/jdbc/conf/StringInspector.java#L453C6-L463C22,5c4a68697b89346efd08c9e836222aed
https://github.com/albfernandez/itext2/blob/5ac684e2140a3d9a5b4c34dfd2639dcc87884ad0/src/main/java/com/lowagie/text/pdf/PushbuttonField.java#L520C1-L529C18,f7628b5f21bb0bd84877ef09023e8cab
https://github.com/StarlangSoftware/TurkishMorphologicalAnalysis/blob/26450b47db92b64580a2bfa4a0d7d0bce38edd49/src/main/java/MorphologicalAnalysis/FsmMorphologicalAnalyzer.java#L494C5-L502C26,e34397ab1d3efeb9dc7886c9d7296df5
https://github.com/narupley/not-going-to-be-commons-ssl/blob/346bb4e8481316687a643219800a398ecd8f62a8/src/main/java/org/apache/commons/ssl/PKCS8Key.java#L659C1-L695C18,bc81a2a817a38810e2be4a21b7279143
https://github.com/mimno/Mallet/blob/ff204eb8aa7f414e779f37843fb68b3e1fdc7015/src/cc/mallet/util/SVD.java#L161C1-L168C22,fc7532a078b145ab650cb5482df9716e
https://github.com/StarlangSoftware/TurkishMorphologicalAnalysis/blob/26450b47db92b64580a2bfa4a0d7d0bce38edd49/src/main/java/MorphologicalAnalysis/FsmParse.java#L615C1-L623C114,a81b8e17a58c1dc86b363d73678c64e2
https://github.com/Isaac315/sql-translator/blob/78f3fb0091c94563a640ef672de3e75e2b5c3bb2/src/main/java/com/raysonfang/sqltranslator/sql/dialect/oracle/util/OracleSQLDataTypeTransformUtil.java#L209C1-L216C70,b465b2a4652dd37c8742dd8ab088d703
https://github.com/maven-nar/nar-maven-plugin/blob/e747b5ee080b243e0b817f722a43c9c203bb4df8/src/main/java/com/github/maven_nar/Linker.java#L430C1-L442C50,878c3c0542722218add383a1433117f2
https://github.com/jai-imageio/jai-imageio-core/blob/f81bc1ab19faa210ad289c6ae2588bc1157fd07a/src/main/java/com/github/jaiimageio/impl/plugins/bmp/BMPMetadata.java#L952C1-L960C26,5b7a45d3e660f797cc178347622b4ecf
https://github.com/blackbeard334/djoom3/blob/64362645420c99ac621b051a678de96883e2a329/src/main/java/neo/Tools/Compilers/AAS/AASReach.java#L575C25-L587C30,3154980da46d4fe58f1f986fc5d91ef0
https://github.com/jai-imageio/jai-imageio-core/blob/f81bc1ab19faa210ad289c6ae2588bc1157fd07a/src/main/java/com/github/jaiimageio/impl/plugins/pnm/PNMImageReader.java#L463C1-L475C26,99ecc72827d94d133c1de73de833a648
https://github.com/hummeling/if97/blob/a508c11bea77ebc39d6bf8c7b21854947e07ca96/src/main/java/com/hummeling/if97/Region3.java#L1209C1-L1216C66,016732b24e72dafcdbcfde9e1d936c4c
https://github.com/finmath/finmath-lib/blob/ad5d22e93e335cd88c95f8f2d7ba6336e3947e68/src/main/java/net/finmath/montecarlo/automaticdifferentiation/backward/RandomVariableDifferentiableAAD.java#L278C1-L284C8,108060926bb017ba732403e6e8e7880b
https://github.com/tommyettinger/RegExodus/blob/48a8167a5dc1e381fc741fabd425965a22aa1503/src/main/java/regexodus/Term.java#L1146C1-L1159C40,b2b94b3a6007a0598c9dd5293ab63650
https://github.com/ThreeTen/threetenbp/blob/bdf97bf72f4e5af7ae3c3af1ea8e3407c1451341/src/main/java/org/threeten/bp/format/DateTimeFormatterBuilder.java#L1476C1-L1485C18,5e498366505ed58e747e2ead6012d779
https://github.com/staticbeagle/etk4j/blob/393c622d01b9abfcead5c9c0973b4557173502e2/src/main/java/com/wildbitsfoundry/etk4j/math/linearalgebra/EigenvalueDecomposition.java#L520C1-L532C7,bedd9a27da314f07d0f78d7e99f11675
https://github.com/maven-nar/nar-maven-plugin/blob/e747b5ee080b243e0b817f722a43c9c203bb4df8/src/main/java/com/github/maven_nar/NarIntegrationTestMojo.java#L952C1-L955C10,a3ff09094fc5c73fc7eec72e18edf2d1
https://github.com/EsotericSoftware/yamlbeans/blob/763726d51c99824218051e485e1b44f7477456fa/src/com/esotericsoftware/yamlbeans/emitter/ScalarAnalysis.java#L154C1-L163C47,2603e17501f398a1e2209ad29467856e
https://github.com/blackbeard334/djoom3/blob/64362645420c99ac621b051a678de96883e2a329/src/main/java/neo/idlib/math/Simd_Generic.java#L1308C1-L1316C26,d45a27a1eda3062e744a8959ee99dbec
https://github.com/alibaba/compileflow/blob/e96a05224f71bf4aa3d9fb37bba85764b2fc153f/src/main/java/com/alibaba/compileflow/engine/common/util/DataType.java#L1023C1-L1033C18,a6055cb51c0c87441c1cc5140b058c76
https://github.com/tommyettinger/RegExodus/blob/48a8167a5dc1e381fc741fabd425965a22aa1503/src/main/java/regexodus/Term.java#L1895C39-L1912C61,1dd7617d0f6aa5718848765af00d085c
https://github.com/george-haddad/cardme/blob/2cdb02c627d103041288bc57f06b9deeb02f194a/src/net/sourceforge/cardme/engine/VCardEngine.java#L2192C1-L2208C8,51eefed70e1e3c873c3112a96244e11d
https://github.com/EXIficient/exificient-core/blob/fce10c39fe654c9ae9660454ac6d6d2abc6a48ac/src/main/java/com/siemens/ct/exi/core/FidelityOptions.java#L431C1-L442C8,5b22c04893be18b83e62cb7b990b2509
https://github.com/jai-imageio/jai-imageio-core/blob/f81bc1ab19faa210ad289c6ae2588bc1157fd07a/src/main/java/com/github/jaiimageio/impl/plugins/raw/RawRenderedImage.java#L537C9-L545C82,4e56a3008bf00a6f811792087f635be5
https://github.com/erdtman/java-json-canonicalization/blob/535ab0075405f6aafb96a4197f943838130666d3/src/main/java/org/erdtman/jcs/NumberDToA.java#L523C1-L532C30,f2f073a7ccd7751a4516f9e1ce658e6b
https://github.com/apache/xmlgraphics-commons/blob/d5d782f9fce99774ef206a4a4437fc86f711d9d9/src/main/java/org/apache/xmlgraphics/image/codec/tiff/TIFFImage.java#L1181C1-L1193C22,0efa2245df9c35ceeb8514369b9cb070
https://github.com/meteoinfo/wContour/blob/dade1e866bf3d3eab56bd09f2b1dcdac5c1ee6f6/src/main/java/wcontour/Contour.java#L238C6-L255C18,e9fc8a98181f18253cc044a0861fc0eb
https://github.com/unitsofmeasurement/unit-ri/blob/d412fc0b790d7c050dcfb2cba24a4316ece24b5c/src/main/java/tec/units/ri/internal/format/l10n/DecimalFormat.java#L1895C1-L1900C18,755d5b17be2fe2382fec11be88ad3dd9
https://github.com/jruby/joni/blob/d4696c4f6dcdd1484895abae4b9b3c62874759e1/src/org/joni/Matcher.java#L434C1-L442C18,20a72415e1641ec3b93901eeceec3954
https://github.com/attoparser/attoparser/blob/e1049dcd8261fe315b679029e711a9f5ea03f1cc/src/main/java/org/attoparser/select/MarkupSelectorItems.java#L407C1-L417C22,0268aeb5cdf7e9bc8aa658dfc96f618c
https://github.com/narupley/not-going-to-be-commons-ssl/blob/346bb4e8481316687a643219800a398ecd8f62a8/src/main/java/org/apache/commons/ssl/PKCS8Key.java#L698C10-L723C18,39f8d9a993614bfee1337737389aa2f9
https://github.com/mimno/Mallet/blob/ff204eb8aa7f414e779f37843fb68b3e1fdc7015/src/cc/mallet/util/SVD.java#L415C1-L417C44,8d294c9e0c3dfe42dc860e2932ade250
https://github.com/tommyettinger/RegExodus/blob/48a8167a5dc1e381fc741fabd425965a22aa1503/src/main/java/regexodus/Term.java#L1242C1-L1246C30,15ed967f81c6f4620edfbf837a58760f
https://github.com/alibaba/compileflow/blob/e96a05224f71bf4aa3d9fb37bba85764b2fc153f/src/main/java/com/alibaba/compileflow/engine/common/util/DataType.java#L1041C1-L1047C18,89b816b2cc84d271c379186936e8caac
https://github.com/tommyettinger/RegExodus/blob/48a8167a5dc1e381fc741fabd425965a22aa1503/src/main/java/regexodus/Term.java#L1975C3-L2003C1,e3a26af026c0f9bc08e242c81dddaec2
https://github.com/EXIficient/exificient-core/blob/fce10c39fe654c9ae9660454ac6d6d2abc6a48ac/src/main/java/com/siemens/ct/exi/core/FidelityOptions.java#L460C1-L471C7,29d470d4559f3cf6b8a69ea2ec15f1aa
https://github.com/erdtman/java-json-canonicalization/blob/535ab0075405f6aafb96a4197f943838130666d3/src/main/java/org/erdtman/jcs/NumberDToA.java#L825C1-L840C22,31193fd184cc64937e9510e357d2f8fa
https://github.com/EXIficient/exificient-core/blob/fce10c39fe654c9ae9660454ac6d6d2abc6a48ac/src/main/java/com/siemens/ct/exi/core/FidelityOptions.java#L497C1-L508C9,73e6a7688b78a5289de3d4c8d3a7d3cf
