complexity,project,url,file,file URL,type,name,lines,potential block 1,notes 1,time
4319,maxmind-geoip-api-java,https://github.com/maxmind/geoip-api-java/tree/0ed8a38981512667533d47204486aae0278a1bc8,com/maxmind/geoip/regionName.java,https://github.com/maxmind/geoip-api-java/tree/0ed8a38981512667533d47204486aae0278a1bc8/src/main/java/com/maxmind/geoip/regionName.java#L4,method,"regionNameByCode(String, String)",4-8830,https://github.com/maxmind/geoip-api-java/blob/0ed8a38981512667533d47204486aae0278a1bc8/src/main/java/com/maxmind/geoip/regionName.java#L11-L23,if/else if,4m18s
739,maxmind-geoip-api-java,https://github.com/maxmind/geoip-api-java/tree/0ed8a38981512667533d47204486aae0278a1bc8,com/maxmind/geoip/timeZone.java,https://github.com/maxmind/geoip-api-java/tree/0ed8a38981512667533d47204486aae0278a1bc8/src/main/java/com/maxmind/geoip/timeZone.java#L4,method,"timeZoneByCountryAndRegion(String, String)",4-1486,https://github.com/maxmind/geoip-api-java/blob/0ed8a38981512667533d47204486aae0278a1bc8/src/main/java/com/maxmind/geoip/timeZone.java#L33-L81,nested if,2m24s
559,magdel-MapNav,https://github.com/magdel/MapNav/tree/97c4f93f02a56aa1ce2b2ffc8d0cd41ed150e9b3,RPMap/MapCanvas.java,https://github.com/magdel/MapNav/tree/97c4f93f02a56aa1ce2b2ffc8d0cd41ed150e9b3/src/main/java/RPMap/MapCanvas.java#L1663,method,paintWindow(Graphics),1663-4468,https://github.com/magdel/MapNav/blob/97c4f93f02a56aa1ce2b2ffc8d0cd41ed150e9b3/src/main/java/RPMap/MapCanvas.java#L1732-L1734,some math,failed
535,messai-engineering-Yuga,https://github.com/messai-engineering/Yuga/tree/40b006970e6e9a1eb5fc13e739f22232c683a965,com/twelfthmile/yuga/Yuga.java,https://github.com/messai-engineering/Yuga/tree/40b006970e6e9a1eb5fc13e739f22232c683a965/src/main/java/com/twelfthmile/yuga/Yuga.java#L203,method,"parseInternal(String, Map)",203-1370,https://github.com/messai-engineering/Yuga/blob/40b006970e6e9a1eb5fc13e739f22232c683a965/src/main/java/com/twelfthmile/yuga/Yuga.java#L239C33-L245,nested if,5m10s
491,pvto-konte-art,https://github.com/pvto/konte-art/tree/03c969d8fd62ba3c7175a840e6a785049183f4b6,org/konte/parse/Parser.java,https://github.com/pvto/konte-art/tree/03c969d8fd62ba3c7175a840e6a785049183f4b6/src/main/java/org/konte/parse/Parser.java#L282,method,parse(ArrayList),282-1983,https://github.com/pvto/konte-art/blob/03c969d8fd62ba3c7175a840e6a785049183f4b6/src/main/java/org/konte/parse/Parser.java#L611-L613,exception,2m50s
382,tud-fop-j-Algo,https://github.com/tud-fop/j-Algo/tree/f59fbbd9ccc3f41d6866fda44324622e2b47eef2,c00/parser/C00Parser.java,https://github.com/tud-fop/j-Algo/tree/f59fbbd9ccc3f41d6866fda44324622e2b47eef2/src/main/java/c00/parser/C00Parser.java#L321,method,globalDeclarations(),321-1939,https://github.com/tud-fop/j-Algo/blob/f59fbbd9ccc3f41d6866fda44324622e2b47eef2/src/main/java/c00/parser/C00Parser.java#L1146C1-L1155C31,nested exception,4m46s
327,tud-fop-j-Algo,https://github.com/tud-fop/j-Algo/tree/f59fbbd9ccc3f41d6866fda44324622e2b47eef2,c00/parser/C00Lexer.java,https://github.com/tud-fop/j-Algo/tree/f59fbbd9ccc3f41d6866fda44324622e2b47eef2/src/main/java/c00/parser/C00Lexer.java#L1526,method,mTokens(),1526-2516,https://github.com/tud-fop/j-Algo/blob/f59fbbd9ccc3f41d6866fda44324622e2b47eef2/src/main/java/c00/parser/C00Lexer.java#L1628C11-L1633C12,nested if,2m08s
305,PeterisP-morphology,https://github.com/PeterisP/morphology/tree/1195adb7bb994292e5b06f2b20f4feb6191ca951,lv/semti/morphology/analyzer/Mijas.java,https://github.com/PeterisP/morphology/tree/1195adb7bb994292e5b06f2b20f4feb6191ca951/src/main/java/lv/semti/morphology/analyzer/Mijas.java#L33,method,"mijuVarianti(String, int, boolean)",33-618,https://github.com/PeterisP/morphology/blob/1195adb7bb994292e5b06f2b20f4feb6191ca951/src/main/java/lv/semti/morphology/analyzer/Mijas.java#L122C2-L125C96,nested if,2m18s
298,mvel-mvel,https://github.com/mvel/mvel/tree/236d37bc78a158553592afedbbf1aa27815efb78,org/mvel2/compiler/AbstractParser.java,https://github.com/mvel/mvel/tree/236d37bc78a158553592afedbbf1aa27815efb78/src/main/java/org/mvel2/compiler/AbstractParser.java#L245,method,nextToken(),245-1290,https://github.com/mvel/mvel/blob/236d37bc78a158553592afedbbf1aa27815efb78/src/main/java/org/mvel2/compiler/AbstractParser.java#L324-L329,single line loop,2m16s
295,PeterisP-morphology,https://github.com/PeterisP/morphology/tree/1195adb7bb994292e5b06f2b20f4feb6191ca951,lv/semti/morphology/analyzer/Mijas.java,https://github.com/PeterisP/morphology/tree/1195adb7bb994292e5b06f2b20f4feb6191ca951/src/main/java/lv/semti/morphology/analyzer/Mijas.java#L680,method,"MijasLoc&#x12b;&#x161;anai(String, int, String, boolean, boolean)",680-1238,https://github.com/PeterisP/morphology/blob/1195adb7bb994292e5b06f2b20f4feb6191ca951/src/main/java/lv/semti/morphology/analyzer/Mijas.java#L767-L774,nested if,2m16s
295,hoijui-Jawk,https://github.com/hoijui/Jawk/tree/33cfbc2bc14bc9c75fedccbe2963ef26b61543dc,org/jawk/backend/AVM.java,https://github.com/hoijui/Jawk/tree/33cfbc2bc14bc9c75fedccbe2963ef26b61543dc/src/main/java/org/jawk/backend/AVM.java#L253,method,interpret(AwkTuples),253-1951,https://github.com/hoijui/Jawk/blob/33cfbc2bc14bc9c75fedccbe2963ef26b61543dc/src/main/java/org/jawk/backend/AVM.java#L563C1-L584C8,nested switch,4m49s
295,hoijui-Jawk,https://github.com/hoijui/Jawk/tree/33cfbc2bc14bc9c75fedccbe2963ef26b61543dc,org/jawk/backend/AVM.java,https://github.com/hoijui/Jawk/tree/33cfbc2bc14bc9c75fedccbe2963ef26b61543dc/src/main/java/org/jawk/backend/AVM.java#L253,method,interpret(AwkTuples),253-1951,https://github.com/hoijui/Jawk/blob/33cfbc2bc14bc9c75fedccbe2963ef26b61543dc/src/main/java/org/jawk/backend/AVM.java#L849-L862,nested if,3m08s
291,StarlangSoftware-TurkishMorphologicalDisambiguation,https://github.com/StarlangSoftware/TurkishMorphologicalDisambiguation/tree/bf8dbc2cd835c67178eb896939ad1009b6743486,MorphologicalDisambiguation/AutoDisambiguator.java,https://github.com/StarlangSoftware/TurkishMorphologicalDisambiguation/tree/bf8dbc2cd835c67178eb896939ad1009b6743486/src/main/java/MorphologicalDisambiguation/AutoDisambiguator.java#L81,method,"selectCaseForParseString(String, int, FsmParseList, ArrayList)",81-886,https://github.com/StarlangSoftware/TurkishMorphologicalDisambiguation/blob/bf8dbc2cd835c67178eb896939ad1009b6743486/src/main/java/MorphologicalDisambiguation/AutoDisambiguator.java#L275-L281,early return,27m32s
279,graphstream-gs-core,https://github.com/graphstream/gs-core/tree/950b87280075f92a85b564b47ce6522ced5ba53a,org/graphstream/ui/graphicGraph/stylesheet/parser/StyleSheetParserTokenManager.java,https://github.com/graphstream/gs-core/blob/950b87280075f92a85b564b47ce6522ced5ba53a/src/org/graphstream/ui/graphicGraph/stylesheet/parser/StyleSheetParserTokenManager.java,method,"jjStopStringLiteralDfa_0(int, long, long, long)",43-747,https://github.com/graphstream/gs-core/blob/950b87280075f92a85b564b47ce6522ced5ba53a/src/org/graphstream/ui/graphicGraph/stylesheet/parser/StyleSheetParserTokenManager.java#L72-L96,complex switch case,10m0s
278,tud-fop-j-Algo,https://github.com/tud-fop/j-Algo/tree/f59fbbd9ccc3f41d6866fda44324622e2b47eef2,c00/parser/C00Parser.java,https://github.com/tud-fop/j-Algo/tree/f59fbbd9ccc3f41d6866fda44324622e2b47eef2/src/main/java/c00/parser/C00Parser.java#L4229,method,statement(),4229-5700,https://github.com/tud-fop/j-Algo/blob/f59fbbd9ccc3f41d6866fda44324622e2b47eef2/src/main/java/c00/parser/C00Parser.java#L4496-L4505,nested exception,15s
267,apache-dubbo-hessian-lite,https://github.com/apache/dubbo-hessian-lite/tree/ca001b4658227d5122f85bcb45032a0dac4faf0d,com/alibaba/com/caucho/hessian/io/Hessian2Input.java,https://github.com/apache/dubbo-hessian-lite/tree/ca001b4658227d5122f85bcb45032a0dac4faf0d/src/main/java/com/alibaba/com/caucho/hessian/io/Hessian2Input.java#L2312,method,readObject(List),2312-2796,https://github.com/apache/dubbo-hessian-lite/blob/ca001b4658227d5122f85bcb45032a0dac4faf0d/src/main/java/com/alibaba/com/caucho/hessian/io/Hessian2Input.java#L2594C2-L2600C42,complex switch case,failed
264,smola-galimatias,https://github.com/smola/galimatias/tree/0771a10ef5021181fc172b95ac39e9f4c7ada2e8,io/mola/galimatias/URLParser.java,https://github.com/smola/galimatias/tree/0771a10ef5021181fc172b95ac39e9f4c7ada2e8/src/main/java/io/mola/galimatias/URLParser.java#L211,method,parse(),211-857,https://github.com/smola/galimatias/blob/0771a10ef5021181fc172b95ac39e9f4c7ada2e8/src/main/java/io/mola/galimatias/URLParser.java#L472C2-L479C26,nested if,5m13s
261,apache-dubbo-hessian-lite,https://github.com/apache/dubbo-hessian-lite/tree/ca001b4658227d5122f85bcb45032a0dac4faf0d,com/alibaba/com/caucho/hessian/io/HessianDebugState.java,https://github.com/apache/dubbo-hessian-lite/tree/ca001b4658227d5122f85bcb45032a0dac4faf0d/src/main/java/com/alibaba/com/caucho/hessian/io/HessianDebugState.java#L380,method,nextObject(int),380-781,https://github.com/apache/dubbo-hessian-lite/blob/ca001b4658227d5122f85bcb45032a0dac4faf0d/src/main/java/com/alibaba/com/caucho/hessian/io/HessianDebugState.java#L588C5-L595C22,complex switch case,failed
240,tvesalainen-bcc,https://github.com/tvesalainen/bcc/tree/8bfbb307418a422d57370b2df12fdfb1126f3407,org/vesalainen/bcc/ByteCodeDump.java,https://github.com/tvesalainen/bcc/tree/8bfbb307418a422d57370b2df12fdfb1126f3407/src/main/java/org/vesalainen/bcc/ByteCodeDump.java#L54,method,"print(MethodCompiler, LineNumberTable)",54-613,https://github.com/tvesalainen/bcc/blob/8bfbb307418a422d57370b2df12fdfb1126f3407/src/main/java/org/vesalainen/bcc/ByteCodeDump.java#L428C1-L437C22,complex switch case,9m08s
226,pfmiles-min-velocity,https://github.com/pfmiles/min-velocity/tree/4e8ec4f64681c1d6941bf8d90a51849e87b86cf5,com/github/pfmiles/org/apache/velocity/runtime/parser/ParserTokenManager.java,https://github.com/pfmiles/min-velocity/tree/4e8ec4f64681c1d6941bf8d90a51849e87b86cf5/src/main/java/com/github/pfmiles/org/apache/velocity/runtime/parser/ParserTokenManager.java#L4016,method,"jjMoveNfa_4(int, int)",4016-4505,https://github.com/pfmiles/min-velocity/blob/4e8ec4f64681c1d6941bf8d90a51849e87b86cf5/src/main/java/com/github/pfmiles/org/apache/velocity/runtime/parser/ParserTokenManager.java#L4456C1-L4460C42,nested if,6m36s
219,dingjs-javaagent,https://github.com/dingjs/javaagent/tree/aa1cea60d0042f58977fb5d42c16afca92ad589d,com/wenshuo/agent/javassist/bytecode/analysis/Executor.java,https://github.com/dingjs/javaagent/tree/aa1cea60d0042f58977fb5d42c16afca92ad589d/src/main/java/com/wenshuo/agent/javassist/bytecode/analysis/Executor.java#L67,method,"execute(MethodInfo, int, CodeIterator, Frame, Subroutine)",67-626,https://github.com/dingjs/javaagent/blob/aa1cea60d0042f58977fb5d42c16afca92ad589d/src/main/java/com/wenshuo/agent/javassist/bytecode/analysis/Executor.java#L282C1-L293C51,complex switch case,failed
216,tommyettinger-RegExodus,https://github.com/tommyettinger/RegExodus/tree/48a8167a5dc1e381fc741fabd425965a22aa1503,regexodus/Matcher.java,https://github.com/tommyettinger/RegExodus/tree/48a8167a5dc1e381fc741fabd425965a22aa1503/src/main/java/regexodus/Matcher.java#L1166,method,search(int),1166-2126,https://github.com/tommyettinger/RegExodus/blob/48a8167a5dc1e381fc741fabd425965a22aa1503/src/main/java/regexodus/Matcher.java#L1422C1-L1428C30,nested if,11m40s
216,magdel-MapNav,https://github.com/magdel/MapNav/tree/97c4f93f02a56aa1ce2b2ffc8d0cd41ed150e9b3,app/MapForms.java,https://github.com/magdel/MapNav/tree/97c4f93f02a56aa1ce2b2ffc8d0cd41ed150e9b3/src/main/java/app/MapForms.java#L369,method,"commandAction(Command, Displayable)",369-1372,https://github.com/magdel/MapNav/blob/97c4f93f02a56aa1ce2b2ffc8d0cd41ed150e9b3/src/main/java/app/MapForms.java#L1022C1-L1049C22,complex loop,failed
192,apache-dubbo-hessian-lite,https://github.com/apache/dubbo-hessian-lite/tree/ca001b4658227d5122f85bcb45032a0dac4faf0d,com/alibaba/com/caucho/hessian/io/Hessian2Input.java,https://github.com/apache/dubbo-hessian-lite/tree/ca001b4658227d5122f85bcb45032a0dac4faf0d/src/main/java/com/alibaba/com/caucho/hessian/io/Hessian2Input.java#L1609,method,readString(),1609-1885,https://github.com/apache/dubbo-hessian-lite/blob/ca001b4658227d5122f85bcb45032a0dac4faf0d/src/main/java/com/alibaba/com/caucho/hessian/io/Hessian2Input.java#L1795C1-L1797C36,complex return,3m06s
184,jai-imageio-jai-imageio-core,https://github.com/jai-imageio/jai-imageio-core/tree/f81bc1ab19faa210ad289c6ae2588bc1157fd07a,com/github/jaiimageio/impl/plugins/tiff/TIFFImageWriter.java,https://github.com/jai-imageio/jai-imageio-core/tree/f81bc1ab19faa210ad289c6ae2588bc1157fd07a/src/main/java/com/github/jaiimageio/impl/plugins/tiff/TIFFImageWriter.java#L531,method,"setupMetadata(ColorModel, SampleModel, int, int)",531-1674,https://github.com/jai-imageio/jai-imageio-core/blob/f81bc1ab19faa210ad289c6ae2588bc1157fd07a/src/main/java/com/github/jaiimageio/impl/plugins/tiff/TIFFImageWriter.java#L745C1-L750C22,nested if,3m2s
173,mvel-mvel,https://github.com/mvel/mvel/tree/236d37bc78a158553592afedbbf1aa27815efb78,org/mvel2/math/MathProcessor.java,https://github.com/mvel/mvel/tree/236d37bc78a158553592afedbbf1aa27815efb78/src/main/java/org/mvel2/math/MathProcessor.java#L347,method,"doOperationsSameType(int, Object, int, Object)",347-632,https://github.com/mvel/mvel/blob/236d37bc78a158553592afedbbf1aa27815efb78/src/main/java/org/mvel2/math/MathProcessor.java#L350-L364,nested switch,failed
172,bruceran-krpc,https://github.com/bruceran/krpc/tree/33c83d78574a472e3cbfc75afa87ec57253cc90c,krpc/rpc/bootstrap/Bootstrap.java,https://github.com/bruceran/krpc/tree/33c83d78574a472e3cbfc75afa87ec57253cc90c/src/main/java/krpc/rpc/bootstrap/Bootstrap.java#L388,method,prepare(),388-734,https://github.com/bruceran/krpc/blob/33c83d78574a472e3cbfc75afa87ec57253cc90c/src/main/java/krpc/rpc/bootstrap/Bootstrap.java#L598C1-L604C22,nested if,5m7s
168,jai-imageio-jai-imageio-core,https://github.com/jai-imageio/jai-imageio-core/tree/f81bc1ab19faa210ad289c6ae2588bc1157fd07a,com/github/jaiimageio/impl/plugins/raw/RawRenderedImage.java,https://github.com/jai-imageio/jai-imageio-core/tree/f81bc1ab19faa210ad289c6ae2588bc1157fd07a/src/main/java/com/github/jaiimageio/impl/plugins/raw/RawRenderedImage.java#L293,method,readSubsampledRaster(WritableRaster),293-1087,https://github.com/jai-imageio/jai-imageio-core/blob/f81bc1ab19faa210ad289c6ae2588bc1157fd07a/src/main/java/com/github/jaiimageio/impl/plugins/raw/RawRenderedImage.java#L312C1-L319C46,complex math,6m3s
168,jai-imageio-jai-imageio-core,https://github.com/jai-imageio/jai-imageio-core/tree/f81bc1ab19faa210ad289c6ae2588bc1157fd07a,com/github/jaiimageio/impl/plugins/raw/RawRenderedImage.java,https://github.com/jai-imageio/jai-imageio-core/tree/f81bc1ab19faa210ad289c6ae2588bc1157fd07a/src/main/java/com/github/jaiimageio/impl/plugins/raw/RawRenderedImage.java#L293,method,readSubsampledRaster(WritableRaster),293-1087,https://github.com/jai-imageio/jai-imageio-core/blob/f81bc1ab19faa210ad289c6ae2588bc1157fd07a/src/main/java/com/github/jaiimageio/impl/plugins/raw/RawRenderedImage.java#L451C1-L465C1,complex math,5m7s
168,jai-imageio-jai-imageio-core,https://github.com/jai-imageio/jai-imageio-core/tree/f81bc1ab19faa210ad289c6ae2588bc1157fd07a,com/github/jaiimageio/impl/plugins/raw/RawRenderedImage.java,https://github.com/jai-imageio/jai-imageio-core/tree/f81bc1ab19faa210ad289c6ae2588bc1157fd07a/src/main/java/com/github/jaiimageio/impl/plugins/raw/RawRenderedImage.java#L293,method,readSubsampledRaster(WritableRaster),293-1087,https://github.com/jai-imageio/jai-imageio-core/blob/f81bc1ab19faa210ad289c6ae2588bc1157fd07a/src/main/java/com/github/jaiimageio/impl/plugins/raw/RawRenderedImage.java#L537C9-L545C82,complex math,6m15s
166,magdel-MapNav,https://github.com/magdel/MapNav/tree/97c4f93f02a56aa1ce2b2ffc8d0cd41ed150e9b3,RPMap/MapCanvas.java,https://github.com/magdel/MapNav/tree/97c4f93f02a56aa1ce2b2ffc8d0cd41ed150e9b3/src/main/java/RPMap/MapCanvas.java#L5400,method,"keyEvent(byte, int)",5400-5782,https://github.com/magdel/MapNav/blob/97c4f93f02a56aa1ce2b2ffc8d0cd41ed150e9b3/src/main/java/RPMap/MapCanvas.java#L5412C1-L5414C19,nested if,failed
155,jtidy-jtidy,https://github.com/jtidy/jtidy/tree/aade7c5a6c1007d013859ac95378a2d469f5e254,org/w3c/tidy/PPrint.java,https://github.com/jtidy/jtidy/tree/aade7c5a6c1007d013859ac95378a2d469f5e254/src/main/java/org/w3c/tidy/PPrint.java#L593,method,"printChar(int, short)",593-1000,https://github.com/jtidy/jtidy/blob/aade7c5a6c1007d013859ac95378a2d469f5e254/src/main/java/org/w3c/tidy/PPrint.java#L737C1-L778C18,complex if else,2m31s
155,jtidy-jtidy,https://github.com/jtidy/jtidy/tree/aade7c5a6c1007d013859ac95378a2d469f5e254,org/w3c/tidy/PPrint.java,https://github.com/jtidy/jtidy/tree/aade7c5a6c1007d013859ac95378a2d469f5e254/src/main/java/org/w3c/tidy/PPrint.java#L593,method,"printChar(int, short)",593-1000,https://github.com/jtidy/jtidy/blob/aade7c5a6c1007d013859ac95378a2d469f5e254/src/main/java/org/w3c/tidy/PPrint.java#L904C17-L912C22,nested if,4m11s
151,apache-dubbo-hessian-lite,https://github.com/apache/dubbo-hessian-lite/tree/ca001b4658227d5122f85bcb45032a0dac4faf0d,com/alibaba/com/caucho/hessian/io/Hessian2Input.java,https://github.com/apache/dubbo-hessian-lite/tree/ca001b4658227d5122f85bcb45032a0dac4faf0d/src/main/java/com/alibaba/com/caucho/hessian/io/Hessian2Input.java#L1002,method,readLong(),1002-1208,https://github.com/apache/dubbo-hessian-lite/blob/ca001b4658227d5122f85bcb45032a0dac4faf0d/src/main/java/com/alibaba/com/caucho/hessian/io/Hessian2Input.java#L1114C4-L1114C82,complex return,2m33s
151,apache-dubbo-hessian-lite,https://github.com/apache/dubbo-hessian-lite/tree/ca001b4658227d5122f85bcb45032a0dac4faf0d,com/alibaba/com/caucho/hessian/io/Hessian2Input.java,https://github.com/apache/dubbo-hessian-lite/tree/ca001b4658227d5122f85bcb45032a0dac4faf0d/src/main/java/com/alibaba/com/caucho/hessian/io/Hessian2Input.java#L782,method,readInt(),782-992,https://github.com/apache/dubbo-hessian-lite/blob/ca001b4658227d5122f85bcb45032a0dac4faf0d/src/main/java/com/alibaba/com/caucho/hessian/io/Hessian2Input.java#L899C1-L902C35,complex return,1m33s
151,apache-dubbo-hessian-lite,https://github.com/apache/dubbo-hessian-lite/tree/ca001b4658227d5122f85bcb45032a0dac4faf0d,com/alibaba/com/caucho/hessian/io/Hessian2Input.java,https://github.com/apache/dubbo-hessian-lite/tree/ca001b4658227d5122f85bcb45032a0dac4faf0d/src/main/java/com/alibaba/com/caucho/hessian/io/Hessian2Input.java#L1230,method,readDouble(),1230-1433,https://github.com/apache/dubbo-hessian-lite/blob/ca001b4658227d5122f85bcb45032a0dac4faf0d/src/main/java/com/alibaba/com/caucho/hessian/io/Hessian2Input.java#L1404C16-L1404C83,complex return,1m24s
151,apache-dubbo-hessian-lite,https://github.com/apache/dubbo-hessian-lite/tree/ca001b4658227d5122f85bcb45032a0dac4faf0d,com/alibaba/com/caucho/hessian/io/Hessian2Input.java,https://github.com/apache/dubbo-hessian-lite/tree/ca001b4658227d5122f85bcb45032a0dac4faf0d/src/main/java/com/alibaba/com/caucho/hessian/io/Hessian2Input.java#L535,method,readBoolean(),535-760,https://github.com/apache/dubbo-hessian-lite/blob/ca001b4658227d5122f85bcb45032a0dac4faf0d/src/main/java/com/alibaba/com/caucho/hessian/io/Hessian2Input.java#L725C3-L728C40,complex return,2m47s
148,jtidy-jtidy,https://github.com/jtidy/jtidy/tree/aade7c5a6c1007d013859ac95378a2d469f5e254,org/w3c/tidy/Lexer.java,https://github.com/jtidy/jtidy/tree/aade7c5a6c1007d013859ac95378a2d469f5e254/src/main/java/org/w3c/tidy/Lexer.java#L1947,method,getToken(short),1947-2888,https://github.com/jtidy/jtidy/blob/aade7c5a6c1007d013859ac95378a2d469f5e254/src/main/java/org/w3c/tidy/Lexer.java#L2517C1-L2525C30,nested if,3m49s
146,erdtman-java-json-canonicalization,https://github.com/erdtman/java-json-canonicalization/tree/535ab0075405f6aafb96a4197f943838130666d3,org/erdtman/jcs/NumberDToA.java,https://github.com/erdtman/java-json-canonicalization/tree/535ab0075405f6aafb96a4197f943838130666d3/src/main/java/org/erdtman/jcs/NumberDToA.java#L265,method,"JS_dtoa(double, int, boolean, int, boolean, StringBuilder)",265-916,https://github.com/erdtman/java-json-canonicalization/blob/535ab0075405f6aafb96a4197f943838130666d3/src/main/java/org/erdtman/jcs/NumberDToA.java#L461C4-L466C25,complex loop,8m45s
146,erdtman-java-json-canonicalization,https://github.com/erdtman/java-json-canonicalization/tree/535ab0075405f6aafb96a4197f943838130666d3,org/erdtman/jcs/NumberDToA.java,https://github.com/erdtman/java-json-canonicalization/tree/535ab0075405f6aafb96a4197f943838130666d3/src/main/java/org/erdtman/jcs/NumberDToA.java#L265,method,"JS_dtoa(double, int, boolean, int, boolean, StringBuilder)",265-916,https://github.com/erdtman/java-json-canonicalization/blob/535ab0075405f6aafb96a4197f943838130666d3/src/main/java/org/erdtman/jcs/NumberDToA.java#L468C1-L473C22,complex loop,3m42s
146,erdtman-java-json-canonicalization,https://github.com/erdtman/java-json-canonicalization/tree/535ab0075405f6aafb96a4197f943838130666d3,org/erdtman/jcs/NumberDToA.java,https://github.com/erdtman/java-json-canonicalization/tree/535ab0075405f6aafb96a4197f943838130666d3/src/main/java/org/erdtman/jcs/NumberDToA.java#L265,method,"JS_dtoa(double, int, boolean, int, boolean, StringBuilder)",265-916,https://github.com/erdtman/java-json-canonicalization/blob/535ab0075405f6aafb96a4197f943838130666d3/src/main/java/org/erdtman/jcs/NumberDToA.java#L523C1-L532C30,complex loop,6m30s
146,erdtman-java-json-canonicalization,https://github.com/erdtman/java-json-canonicalization/tree/535ab0075405f6aafb96a4197f943838130666d3,org/erdtman/jcs/NumberDToA.java,https://github.com/erdtman/java-json-canonicalization/tree/535ab0075405f6aafb96a4197f943838130666d3/src/main/java/org/erdtman/jcs/NumberDToA.java#L265,method,"JS_dtoa(double, int, boolean, int, boolean, StringBuilder)",265-916,https://github.com/erdtman/java-json-canonicalization/blob/535ab0075405f6aafb96a4197f943838130666d3/src/main/java/org/erdtman/jcs/NumberDToA.java#L826-L841,complex loop,10m10s
145,blackbeard334-djoom3,https://github.com/blackbeard334/djoom3/tree/64362645420c99ac621b051a678de96883e2a329,neo/idlib/Text/Parser.java,https://github.com/blackbeard334/djoom3/tree/64362645420c99ac621b051a678de96883e2a329/src/main/java/neo/idlib/Text/Parser.java#L2102,method,"EvaluateTokens(idToken, long, double, int)",2102-2568,https://github.com/blackbeard334/djoom3/blob/64362645420c99ac621b051a678de96883e2a329/src/main/java/neo/idlib/Text/Parser.java#L2344C2-L2368C18,nested loop,failed
143,delthas-JavaMP3,https://github.com/delthas/JavaMP3/tree/8b42e48a549813b43c99db9fef525286c888a082,fr/delthas/javamp3/Decoder.java,https://github.com/delthas/JavaMP3/tree/8b42e48a549813b43c99db9fef525286c888a082/src/main/java/fr/delthas/javamp3/Decoder.java#L556,method,"samples_III(Buffer, int, MainDataReader, int, int, int, int, float, float, SoundData)",556-1239,https://github.com/delthas/JavaMP3/blob/8b42e48a549813b43c99db9fef525286c888a082/src/main/java/fr/delthas/javamp3/Decoder.java#L648C12-L660C14,nested loop,failed
143,delthas-JavaMP3,https://github.com/delthas/JavaMP3/tree/8b42e48a549813b43c99db9fef525286c888a082,fr/delthas/javamp3/Decoder.java,https://github.com/delthas/JavaMP3/tree/8b42e48a549813b43c99db9fef525286c888a082/src/main/java/fr/delthas/javamp3/Decoder.java#L556,method,"samples_III(Buffer, int, MainDataReader, int, int, int, int, float, float, SoundData)",556-1239,https://github.com/delthas/JavaMP3/blob/8b42e48a549813b43c99db9fef525286c888a082/src/main/java/fr/delthas/javamp3/Decoder.java#L710C1-L714C14,nested loop,5m41s
140,apache-xmlgraphics-commons,https://github.com/apache/xmlgraphics-commons/tree/d5d782f9fce99774ef206a4a4437fc86f711d9d9,org/apache/xmlgraphics/image/codec/tiff/TIFFImage.java,https://github.com/apache/xmlgraphics-commons/tree/d5d782f9fce99774ef206a4a4437fc86f711d9d9/src/main/java/org/apache/xmlgraphics/image/codec/tiff/TIFFImage.java#L747,method,"getTile(int, int)",747-1551,https://github.com/apache/xmlgraphics-commons/blob/d5d782f9fce99774ef206a4a4437fc86f711d9d9/src/main/java/org/apache/xmlgraphics/image/codec/tiff/TIFFImage.java#L931C1-L943C26,nested loop,45m56s
140,apache-xmlgraphics-commons,https://github.com/apache/xmlgraphics-commons/tree/d5d782f9fce99774ef206a4a4437fc86f711d9d9,org/apache/xmlgraphics/image/codec/tiff/TIFFImage.java,https://github.com/apache/xmlgraphics-commons/tree/d5d782f9fce99774ef206a4a4437fc86f711d9d9/src/main/java/org/apache/xmlgraphics/image/codec/tiff/TIFFImage.java#L747,method,"getTile(int, int)",747-1551,https://github.com/apache/xmlgraphics-commons/blob/d5d782f9fce99774ef206a4a4437fc86f711d9d9/src/main/java/org/apache/xmlgraphics/image/codec/tiff/TIFFImage.java#L954C1-L966C26,nested loop,5m40s
140,apache-xmlgraphics-commons,https://github.com/apache/xmlgraphics-commons/tree/d5d782f9fce99774ef206a4a4437fc86f711d9d9,org/apache/xmlgraphics/image/codec/tiff/TIFFImage.java,https://github.com/apache/xmlgraphics-commons/tree/d5d782f9fce99774ef206a4a4437fc86f711d9d9/src/main/java/org/apache/xmlgraphics/image/codec/tiff/TIFFImage.java#L747,method,"getTile(int, int)",747-1551,https://github.com/apache/xmlgraphics-commons/blob/d5d782f9fce99774ef206a4a4437fc86f711d9d9/src/main/java/org/apache/xmlgraphics/image/codec/tiff/TIFFImage.java#L1181C1-L1193C22,nested loop,6m16s
133,jai-imageio-jai-imageio-core,https://github.com/jai-imageio/jai-imageio-core/tree/f81bc1ab19faa210ad289c6ae2588bc1157fd07a,com/github/jaiimageio/impl/plugins/tiff/TIFFImageMetadata.java,https://github.com/jai-imageio/jai-imageio-core/tree/f81bc1ab19faa210ad289c6ae2588bc1157fd07a/src/main/java/com/github/jaiimageio/impl/plugins/tiff/TIFFImageMetadata.java#L827,method,mergeStandardTree(Node),827-1476,https://github.com/jai-imageio/jai-imageio-core/blob/f81bc1ab19faa210ad289c6ae2588bc1157fd07a/src/main/java/com/github/jaiimageio/impl/plugins/tiff/TIFFImageMetadata.java#L888C1-L905C51,nested if,9m32s
132,jruby-joni,https://github.com/jruby/joni/tree/d4696c4f6dcdd1484895abae4b9b3c62874759e1,org/joni/Lexer.java,https://github.com/jruby/joni/tree/d4696c4f6dcdd1484895abae4b9b3c62874759e1/src/main/java/org/joni/Lexer.java#L1016,method,fetchToken(),1016-1282,https://github.com/jruby/joni/blob/d4696c4f6dcdd1484895abae4b9b3c62874759e1/src/org/joni/Lexer.java#L1178C1-L1183C53,exception,11m33s
130,logpresso-CVE-2021-44228-Scanner,https://github.com/logpresso/CVE-2021-44228-Scanner/tree/35c37dd6941d6b77d103229302cadd473b97a816,com/logpresso/scanner/Configuration.java,https://github.com/logpresso/CVE-2021-44228-Scanner/tree/35c37dd6941d6b77d103229302cadd473b97a816/src/main/java/com/logpresso/scanner/Configuration.java#L167,method,parseArguments(String),167-478,https://github.com/logpresso/CVE-2021-44228-Scanner/blob/35c37dd6941d6b77d103229302cadd473b97a816/src/main/java/com/logpresso/scanner/Configuration.java#L348-L364,exception,6m12s
125,OpenLiberty-ci.common,https://github.com/OpenLiberty/ci.common/tree/b48d061d33b28b6dd5d48f52f25e032e3fc45614,io/openliberty/tools/common/plugins/util/DevUtil.java,https://github.com/OpenLiberty/ci.common/tree/b48d061d33b28b6dd5d48f52f25e032e3fc45614/src/main/java/io/openliberty/tools/common/plugins/util/DevUtil.java#L3939,method,"processFileChanges(ThreadPoolExecutor, File, File, boolean, ChangeType)",3939-4322,https://github.com/OpenLiberty/ci.common/blob/b48d061d33b28b6dd5d48f52f25e032e3fc45614/src/main/java/io/openliberty/tools/common/plugins/util/DevUtil.java#L4311C1-L4320C14,nested if,11m25s
125,meteoinfo-wContour,https://github.com/meteoinfo/wContour/tree/dade1e866bf3d3eab56bd09f2b1dcdac5c1ee6f6,wcontour/Contour.java,https://github.com/meteoinfo/wContour/tree/dade1e866bf3d3eab56bd09f2b1dcdac5c1ee6f6/src/main/java/wcontour/Contour.java#L1575,method,"traceBorder(int, int, int, int, int, int)",1575-1817,https://github.com/meteoinfo/wContour/blob/dade1e866bf3d3eab56bd09f2b1dcdac5c1ee6f6/src/main/java/wcontour/Contour.java#L1699C1-L1708C18,nested if and complex math,9m20s
125,meteoinfo-wContour,https://github.com/meteoinfo/wContour/tree/dade1e866bf3d3eab56bd09f2b1dcdac5c1ee6f6,wcontour/Contour.java,https://github.com/meteoinfo/wContour/tree/dade1e866bf3d3eab56bd09f2b1dcdac5c1ee6f6/src/main/java/wcontour/Contour.java#L1575,method,"traceBorder(int, int, int, int, int, int)",1575-1817,https://github.com/meteoinfo/wContour/blob/dade1e866bf3d3eab56bd09f2b1dcdac5c1ee6f6/src/main/java/wcontour/Contour.java#L1710-L1725,nested if and complex math,9m25s
121,pvto-konte-art,https://github.com/pvto/konte-art/tree/03c969d8fd62ba3c7175a840e6a785049183f4b6,org/konte/parse/ExpressionParser.java,https://github.com/pvto/konte-art/tree/03c969d8fd62ba3c7175a840e6a785049183f4b6/src/main/java/org/konte/parse/ExpressionParser.java#L141,method,"parse(ArrayList, int, Model)",141-484,https://github.com/pvto/konte-art/blob/03c969d8fd62ba3c7175a840e6a785049183f4b6/src/main/java/org/konte/parse/ExpressionParser.java#L173C1-L189C35,nested if,18m30s
121,mimno-Mallet,https://github.com/mimno/Mallet/tree/ff204eb8aa7f414e779f37843fb68b3e1fdc7015,cc/mallet/classify/tui/Vectors2Classify.java,https://github.com/mimno/Mallet/tree/ff204eb8aa7f414e779f37843fb68b3e1fdc7015/src/main/java/cc/mallet/classify/tui/Vectors2Classify.java#L217,method,main(String),217-707,https://github.com/mimno/Mallet/blob/ff204eb8aa7f414e779f37843fb68b3e1fdc7015/src/cc/mallet/classify/tui/Vectors2Classify.java#L268C1-L274C6,in main,failed
119,mjsalerno-UnoBot,https://github.com/mjsalerno/UnoBot/tree/4ee2ef9abe11a299a434f9ea998b6dddd8a4b0aa,com/mjsalerno/unobot/UnoBot.java,https://github.com/mjsalerno/UnoBot/tree/4ee2ef9abe11a299a434f9ea998b6dddd8a4b0aa/src/main/java/com/mjsalerno/unobot/UnoBot.java#L409,method,onMessage(MessageEvent),409-843,https://github.com/mjsalerno/UnoBot/blob/4ee2ef9abe11a299a434f9ea998b6dddd8a4b0aa/src/main/java/com/mjsalerno/unobot/UnoBot.java#L576C1-L587C18,nested if,failed
119,apache-xmlgraphics-commons,https://github.com/apache/xmlgraphics-commons/tree/d5d782f9fce99774ef206a4a4437fc86f711d9d9,org/apache/xmlgraphics/image/codec/tiff/TIFFImage.java,https://github.com/apache/xmlgraphics-commons/tree/d5d782f9fce99774ef206a4a4437fc86f711d9d9/src/main/java/org/apache/xmlgraphics/image/codec/tiff/TIFFImage.java#L181,constructor,"TIFFImage(SeekableStream, TIFFDecodeParam, int)",181-726,https://github.com/apache/xmlgraphics-commons/blob/d5d782f9fce99774ef206a4a4437fc86f711d9d9/src/main/java/org/apache/xmlgraphics/image/codec/tiff/TIFFImage.java#L216C6-L231C43,maybe a bug,3m3s
118,STEMLab-JIneditor,https://github.com/STEMLab/JIneditor/tree/ccca7bec12fe58583d25da0d13ae038b27d34424,edu/pnu/gui/CanvasPanel.java,https://github.com/STEMLab/JIneditor/tree/ccca7bec12fe58583d25da0d13ae038b27d34424/src/main/java/edu/pnu/gui/CanvasPanel.java#L322,method,mousePressed(MouseEvent),322-863,https://github.com/STEMLab/JIneditor/blob/ccca7bec12fe58583d25da0d13ae038b27d34424/src/main/java/edu/pnu/gui/CanvasPanel.java#L401C1-L417C18,nested if,16m4s
115,jai-imageio-jai-imageio-core,https://github.com/jai-imageio/jai-imageio-core/tree/f81bc1ab19faa210ad289c6ae2588bc1157fd07a,com/github/jaiimageio/plugins/tiff/TIFFDecompressor.java,https://github.com/jai-imageio/jai-imageio-core/tree/f81bc1ab19faa210ad289c6ae2588bc1157fd07a/src/main/java/com/github/jaiimageio/plugins/tiff/TIFFDecompressor.java#L791,method,"getRawImageTypeSpecifier(int, int, int, int, int, int, char)",791-1353,https://github.com/jai-imageio/jai-imageio-core/blob/f81bc1ab19faa210ad289c6ae2588bc1157fd07a/src/main/java/com/github/jaiimageio/plugins/tiff/TIFFDecompressor.java#L1143C1-L1152C22,complex if,2m24s
114,streamx-co-ExTree,https://github.com/streamx-co/ExTree/tree/2cb6b78c0eb4dc25fa81f582641b5464779a93fa,co/streamx/fluent/extree/expression/ExpressionMethodVisitor.java,https://github.com/streamx-co/ExTree/tree/2cb6b78c0eb4dc25fa81f582641b5464779a93fa/src/main/java/co/streamx/fluent/extree/expression/ExpressionMethodVisitor.java#L256,method,visitInsn(int),256-503,https://github.com/streamx-co/ExTree/blob/2cb6b78c0eb4dc25fa81f582641b5464779a93fa/src/main/java/co/streamx/fluent/extree/expression/ExpressionMethodVisitor.java#L435C1-L437C94,complex switch case,8m19s
114,meteoinfo-wContour,https://github.com/meteoinfo/wContour/tree/dade1e866bf3d3eab56bd09f2b1dcdac5c1ee6f6,wcontour/Contour.java,https://github.com/meteoinfo/wContour/tree/dade1e866bf3d3eab56bd09f2b1dcdac5c1ee6f6/src/main/java/wcontour/Contour.java#L66,method,"tracingBorders(double, double, double, int, double)",66-412,https://github.com/meteoinfo/wContour/blob/dade1e866bf3d3eab56bd09f2b1dcdac5c1ee6f6/src/main/java/wcontour/Contour.java#L270C1-L317C22,nested for,failed
114,meteoinfo-wContour,https://github.com/meteoinfo/wContour/tree/dade1e866bf3d3eab56bd09f2b1dcdac5c1ee6f6,wcontour/Contour.java,https://github.com/meteoinfo/wContour/tree/dade1e866bf3d3eab56bd09f2b1dcdac5c1ee6f6/src/main/java/wcontour/Contour.java#L66,method,"tracingBorders(double, double, double, int, double)",66-412,https://github.com/meteoinfo/wContour/blob/dade1e866bf3d3eab56bd09f2b1dcdac5c1ee6f6/src/main/java/wcontour/Contour.java#L118C1-L137C25,nested for,5m16s
114,meteoinfo-wContour,https://github.com/meteoinfo/wContour/tree/dade1e866bf3d3eab56bd09f2b1dcdac5c1ee6f6,wcontour/Contour.java,https://github.com/meteoinfo/wContour/tree/dade1e866bf3d3eab56bd09f2b1dcdac5c1ee6f6/src/main/java/wcontour/Contour.java#L66,method,"tracingBorders(double, double, double, int, double)",66-412,https://github.com/meteoinfo/wContour/blob/dade1e866bf3d3eab56bd09f2b1dcdac5c1ee6f6/src/main/java/wcontour/Contour.java#L238C6-L255C18,nested for,4m24s
113,apache-xmlgraphics-commons,https://github.com/apache/xmlgraphics-commons/tree/d5d782f9fce99774ef206a4a4437fc86f711d9d9,org/apache/xmlgraphics/image/codec/tiff/TIFFImageEncoder.java,https://github.com/apache/xmlgraphics-commons/tree/d5d782f9fce99774ef206a4a4437fc86f711d9d9/src/main/java/org/apache/xmlgraphics/image/codec/tiff/TIFFImageEncoder.java#L173,method,"encode(RenderedImage, TIFFEncodeParam, int, boolean)",173-946,https://github.com/apache/xmlgraphics-commons/blob/d5d782f9fce99774ef206a4a4437fc86f711d9d9/src/main/java/org/apache/xmlgraphics/image/codec/tiff/TIFFImageEncoder.java#L448C1-L454C18,nested if,5m9s
110,jruby-jcodings,https://github.com/jruby/jcodings/tree/4eb6216f88f2b4ce80b555cc58e3f86e88b72c86,org/jcodings/transcode/Transcoding.java,https://github.com/jruby/jcodings/blob/4eb6216f88f2b4ce80b555cc58e3f86e88b72c86/src/org/jcodings/transcode/Transcoding.java#L124,method,"transcodeRestartable0(byte, Ptr, byte, Ptr, int, int, int)",124-495,https://github.com/jruby/jcodings/blob/4eb6216f88f2b4ce80b555cc58e3f86e88b72c86/src/org/jcodings/transcode/Transcoding.java#L231C14-L245C30,nested switch,16m12s
107,mvel-mvel,https://github.com/mvel/mvel/tree/236d37bc78a158553592afedbbf1aa27815efb78,org/mvel2/optimizers/impl/asm/ASMAccessorOptimizer.java,https://github.com/mvel/mvel/tree/236d37bc78a158553592afedbbf1aa27815efb78/src/main/java/org/mvel2/optimizers/impl/asm/ASMAccessorOptimizer.java#L1787,method,"getMethod(Object, String)",1787-2281,https://github.com/mvel/mvel/blob/236d37bc78a158553592afedbbf1aa27815efb78/src/main/java/org/mvel2/optimizers/impl/asm/ASMAccessorOptimizer.java#L1833C1-L1842C10,nested if,9m53s
107,mvel-mvel,https://github.com/mvel/mvel/tree/236d37bc78a158553592afedbbf1aa27815efb78,org/mvel2/optimizers/impl/asm/ASMAccessorOptimizer.java,https://github.com/mvel/mvel/tree/236d37bc78a158553592afedbbf1aa27815efb78/src/main/java/org/mvel2/optimizers/impl/asm/ASMAccessorOptimizer.java#L1787,method,"getMethod(Object, String)",1787-2281,https://github.com/mvel/mvel/blob/236d37bc78a158553592afedbbf1aa27815efb78/src/main/java/org/mvel2/optimizers/impl/asm/ASMAccessorOptimizer.java#L1991C1-L1996C48,nested if,5m19s
107,jai-imageio-jai-imageio-core,https://github.com/jai-imageio/jai-imageio-core/tree/f81bc1ab19faa210ad289c6ae2588bc1157fd07a,com/github/jaiimageio/impl/plugins/tiff/TIFFImageWriter.java,https://github.com/jai-imageio/jai-imageio-core/tree/f81bc1ab19faa210ad289c6ae2588bc1157fd07a/src/main/java/com/github/jaiimageio/impl/plugins/tiff/TIFFImageWriter.java#L1679,method,"writeTile(Rectangle, TIFFCompressor)",1679-2280,https://github.com/jai-imageio/jai-imageio-core/blob/f81bc1ab19faa210ad289c6ae2588bc1157fd07a/src/main/java/com/github/jaiimageio/impl/plugins/tiff/TIFFImageWriter.java#L1762C3-L1767C36,nested if,9m29s
106,tommyettinger-RegExodus,https://github.com/tommyettinger/RegExodus/tree/48a8167a5dc1e381fc741fabd425965a22aa1503,regexodus/CharacterClass.java,https://github.com/tommyettinger/RegExodus/tree/48a8167a5dc1e381fc741fabd425965a22aa1503/src/main/java/regexodus/CharacterClass.java#L388,method,"parseClass(char, int, int, BlockSet, boolean, boolean, boolean, boolean)",388-683,https://github.com/tommyettinger/RegExodus/blob/48a8167a5dc1e381fc741fabd425965a22aa1503/src/main/java/regexodus/CharacterClass.java#L507C1-L519C30,nested if,6m24s
106,tommyettinger-RegExodus,https://github.com/tommyettinger/RegExodus/tree/48a8167a5dc1e381fc741fabd425965a22aa1503,regexodus/CharacterClass.java,https://github.com/tommyettinger/RegExodus/tree/48a8167a5dc1e381fc741fabd425965a22aa1503/src/main/java/regexodus/CharacterClass.java#L388,method,"parseClass(char, int, int, BlockSet, boolean, boolean, boolean, boolean)",388-683,https://github.com/tommyettinger/RegExodus/blob/48a8167a5dc1e381fc741fabd425965a22aa1503/src/main/java/regexodus/CharacterClass.java#L551C27-L565C50,nested if,4m18s
106,StarlangSoftware-TurkishMorphologicalAnalysis,https://github.com/StarlangSoftware/TurkishMorphologicalAnalysis/tree/26450b47db92b64580a2bfa4a0d7d0bce38edd49,MorphologicalAnalysis/Transition.java,https://github.com/StarlangSoftware/TurkishMorphologicalAnalysis/tree/26450b47db92b64580a2bfa4a0d7d0bce38edd49/src/main/java/MorphologicalAnalysis/Transition.java#L254,method,"makeTransition(TxtWord, String, State)",254-437,https://github.com/StarlangSoftware/TurkishMorphologicalAnalysis/blob/26450b47db92b64580a2bfa4a0d7d0bce38edd49/src/main/java/MorphologicalAnalysis/Transition.java#L317C1-L329C47,nested if,5m35s
104,lhncbc-metamaplite,https://github.com/lhncbc/metamaplite/tree/3eac19c131c1c24c16a8e279d171c3747bd1fc76,gov/nih/nlm/nls/ner/MetaMapLite.java,https://github.com/lhncbc/metamaplite/tree/3eac19c131c1c24c16a8e279d171c3747bd1fc76/src/main/java/gov/nih/nlm/nls/ner/MetaMapLite.java#L1284,method,main(String),1284-1617,https://github.com/LHNCBC/metamaplite/blob/3eac19c131c1c24c16a8e279d171c3747bd1fc76/src/main/java/gov/nih/nlm/nls/ner/MetaMapLite.java#L1588C1-L1607C3,in main,failed
100,hoijui-Jawk,https://github.com/hoijui/Jawk/tree/33cfbc2bc14bc9c75fedccbe2963ef26b61543dc,org/jawk/frontend/AwkParser.java,https://github.com/hoijui/Jawk/tree/33cfbc2bc14bc9c75fedccbe2963ef26b61543dc/src/main/java/org/jawk/frontend/AwkParser.java#L410,method,lexer(),410-733,https://github.com/hoijui/Jawk/blob/33cfbc2bc14bc9c75fedccbe2963ef26b61543dc/src/main/java/org/jawk/frontend/AwkParser.java#L697C1-L710C6,nested if,3m34s
99,SvenEwald-xmlbeam,https://github.com/SvenEwald/xmlbeam/tree/84a2a91c216622c611a948d88792c846b532aa0a,org/xmlbeam/util/intern/duplex/ExpressionTypeEvaluationVisitor.java,https://github.com/SvenEwald/xmlbeam/tree/84a2a91c216622c611a948d88792c846b532aa0a/src/main/java/org/xmlbeam/util/intern/duplex/ExpressionTypeEvaluationVisitor.java#L121,method,"visit(SimpleNode, Node)",121-245,https://github.com/SvenEwald/xmlbeam/blob/84a2a91c216622c611a948d88792c846b532aa0a/src/main/java/org/xmlbeam/util/intern/duplex/ExpressionTypeEvaluationVisitor.java#L136C1-L151C14,lambda + no-lambda,failed
98,EsotericSoftware-yamlbeans,https://github.com/EsotericSoftware/yamlbeans/tree/763726d51c99824218051e485e1b44f7477456fa,com/esotericsoftware/yamlbeans/YamlReader.java,https://github.com/EsotericSoftware/yamlbeans/blob/763726d51c99824218051e485e1b44f7477456fa/src/com/esotericsoftware/yamlbeans/YamlReader.java#L230,method,"readValueInternal(Class, Class, String)",230-451,https://github.com/EsotericSoftware/yamlbeans/blob/763726d51c99824218051e485e1b44f7477456fa/src/com/esotericsoftware/yamlbeans/YamlReader.java#L350C1-L359C8,nested if,6m33s
98,apache-commons-imaging,https://github.com/apache/commons-imaging/tree/d3b3b534198d2b0b631379515e2b53905b425e70,org/apache/commons/imaging/formats/jpeg/JpegImageParser.java,https://github.com/apache/commons-imaging/tree/d3b3b534198d2b0b631379515e2b53905b425e70/src/main/java/org/apache/commons/imaging/formats/jpeg/JpegImageParser.java#L298,method,"getImageInfo(ByteSource, JpegImagingParameters)",298-612,https://github.com/apache/commons-imaging/blob/d3b3b534198d2b0b631379515e2b53905b425e70/src/main/java/org/apache/commons/imaging/formats/jpeg/JpegImageParser.java#L391C1-L407C22,nested if,45m25s
98,albfernandez-itext2,https://github.com/albfernandez/itext2/tree/5ac684e2140a3d9a5b4c34dfd2639dcc87884ad0,com/lowagie/text/xml/simpleparser/SimpleXMLParser.java,https://github.com/albfernandez/itext2/tree/5ac684e2140a3d9a5b4c34dfd2639dcc87884ad0/src/main/java/com/lowagie/text/xml/simpleparser/SimpleXMLParser.java#L181,method,go(Reader),181-484,https://github.com/albfernandez/itext2/blob/5ac684e2140a3d9a5b4c34dfd2639dcc87884ad0/src/main/java/com/lowagie/text/xml/simpleparser/SimpleXMLParser.java#L376C2-L383C38,nested if,10m4s
97,jai-imageio-jai-imageio-core,https://github.com/jai-imageio/jai-imageio-core/tree/f81bc1ab19faa210ad289c6ae2588bc1157fd07a,com/github/jaiimageio/impl/plugins/pnm/PNMImageWriter.java,https://github.com/jai-imageio/jai-imageio-core/tree/f81bc1ab19faa210ad289c6ae2588bc1157fd07a/src/main/java/com/github/jaiimageio/impl/plugins/pnm/PNMImageWriter.java#L180,method,"write(IIOMetadata, IIOImage, ImageWriteParam)",180-655,https://github.com/jai-imageio/jai-imageio-core/blob/f81bc1ab19faa210ad289c6ae2588bc1157fd07a/src/main/java/com/github/jaiimageio/impl/plugins/pnm/PNMImageWriter.java#L443C14-L454C18,nested if,5m0s
97,Harium-keel,https://github.com/Harium/keel/tree/bb6a1cf5104d609399ddf9a803ae60d6caee7a3b,com/harium/keel/catalano/math/decomposition/SingularValueDecomposition.java,https://github.com/Harium/keel/tree/bb6a1cf5104d609399ddf9a803ae60d6caee7a3b/src/main/java/com/harium/keel/catalano/math/decomposition/SingularValueDecomposition.java#L135,method,Compute(double),135-571,https://github.com/Harium/keel/blob/bb6a1cf5104d609399ddf9a803ae60d6caee7a3b/src/main/java/com/harium/keel/catalano/math/decomposition/SingularValueDecomposition.java#L180C1-L188C18,nested if and complex math,3m2s
97,Harium-keel,https://github.com/Harium/keel/tree/bb6a1cf5104d609399ddf9a803ae60d6caee7a3b,com/harium/keel/catalano/math/decomposition/SingularValueDecomposition.java,https://github.com/Harium/keel/tree/bb6a1cf5104d609399ddf9a803ae60d6caee7a3b/src/main/java/com/harium/keel/catalano/math/decomposition/SingularValueDecomposition.java#L135,method,Compute(double),135-571,https://github.com/Harium/keel/blob/bb6a1cf5104d609399ddf9a803ae60d6caee7a3b/src/main/java/com/harium/keel/catalano/math/decomposition/SingularValueDecomposition.java#L241C1-L256C22,nested if and complex math,10m13s
96,albfernandez-itext2,https://github.com/albfernandez/itext2/tree/5ac684e2140a3d9a5b4c34dfd2639dcc87884ad0,com/lowagie/text/pdf/PdfDocument.java,https://github.com/albfernandez/itext2/tree/5ac684e2140a3d9a5b4c34dfd2639dcc87884ad0/src/main/java/com/lowagie/text/pdf/PdfDocument.java#L1361,method,"writeLineToContent(PdfLine, PdfContentByte, PdfContentByte, Object, float)",1361-1709,https://github.com/albfernandez/itext2/blob/5ac684e2140a3d9a5b4c34dfd2639dcc87884ad0/src/main/java/com/lowagie/text/pdf/PdfDocument.java#L1568C23-L1578C51,nested if,failed
95,Zettelkasten-Team-Zettelkasten,https://github.com/Zettelkasten-Team/Zettelkasten/tree/b68dc7638b9f9287c9528d4171a9014e8ba3eed3,de/danielluedecke/zettelkasten/tasks/importtasks/ImportFromZkn.java,https://github.com/Zettelkasten-Team/Zettelkasten/tree/b68dc7638b9f9287c9528d4171a9014e8ba3eed3/src/main/java/de/danielluedecke/zettelkasten/tasks/importtasks/ImportFromZkn.java#L186,method,doInBackground(),186-1047,https://github.com/Zettelkasten-Team/Zettelkasten/blob/b68dc7638b9f9287c9528d4171a9014e8ba3eed3/src/main/java/de/danielluedecke/zettelkasten/tasks/importtasks/ImportFromZkn.java#L621-L638,nested if,4m1s
95,Zettelkasten-Team-Zettelkasten,https://github.com/Zettelkasten-Team/Zettelkasten/tree/b68dc7638b9f9287c9528d4171a9014e8ba3eed3,de/danielluedecke/zettelkasten/tasks/importtasks/ImportFromZkn.java,https://github.com/Zettelkasten-Team/Zettelkasten/tree/b68dc7638b9f9287c9528d4171a9014e8ba3eed3/src/main/java/de/danielluedecke/zettelkasten/tasks/importtasks/ImportFromZkn.java#L186,method,doInBackground(),186-1047,https://github.com/Zettelkasten-Team/Zettelkasten/blob/b68dc7638b9f9287c9528d4171a9014e8ba3eed3/src/main/java/de/danielluedecke/zettelkasten/tasks/importtasks/ImportFromZkn.java#L770C10-L806C11,nested if,13m43s
95,jai-imageio-jai-imageio-core,https://github.com/jai-imageio/jai-imageio-core/tree/f81bc1ab19faa210ad289c6ae2588bc1157fd07a,com/github/jaiimageio/impl/plugins/bmp/BMPImageWriter.java,https://github.com/jai-imageio/jai-imageio-core/tree/f81bc1ab19faa210ad289c6ae2588bc1157fd07a/src/main/java/com/github/jaiimageio/impl/plugins/bmp/BMPImageWriter.java#L187,method,"write(IIOMetadata, IIOImage, ImageWriteParam)",187-795,https://github.com/jai-imageio/jai-imageio-core/blob/f81bc1ab19faa210ad289c6ae2588bc1157fd07a/src/main/java/com/github/jaiimageio/impl/plugins/bmp/BMPImageWriter.java#L679-L684,nested if,7m20s
95,blackbeard334-djoom3,https://github.com/blackbeard334/djoom3/tree/64362645420c99ac621b051a678de96883e2a329,neo/ui/Window.java,https://github.com/blackbeard334/djoom3/tree/64362645420c99ac621b051a678de96883e2a329/src/main/java/neo/ui/Window.java#L1549,method,"HandleEvent(sysEvent_s, boolean)",1549-1793,https://github.com/blackbeard334/djoom3/blob/64362645420c99ac621b051a678de96883e2a329/src/main/java/neo/ui/Window.java#L1599-L1604,early return,2m30s
95,blackbeard334-djoom3,https://github.com/blackbeard334/djoom3/tree/64362645420c99ac621b051a678de96883e2a329,neo/ui/Window.java,https://github.com/blackbeard334/djoom3/tree/64362645420c99ac621b051a678de96883e2a329/src/main/java/neo/ui/Window.java#L1549,method,"HandleEvent(sysEvent_s, boolean)",1549-1793,https://github.com/blackbeard334/djoom3/blob/64362645420c99ac621b051a678de96883e2a329/src/main/java/neo/ui/Window.java#L1660C1-L1666C38,early return,3m31s
94,OWASP-json-sanitizer,https://github.com/OWASP/json-sanitizer/tree/fc612ab374de73d03864d56fb87b6a103b234489,com/google/json/JsonSanitizer.java,https://github.com/OWASP/json-sanitizer/tree/fc612ab374de73d03864d56fb87b6a103b234489/src/main/java/com/google/json/JsonSanitizer.java#L209,method,sanitize(),209-495,https://github.com/OWASP/json-sanitizer/blob/fc612ab374de73d03864d56fb87b6a103b234489/src/main/java/com/google/json/JsonSanitizer.java#L342C2-L350C20,nested if,6m31s
94,OWASP-json-sanitizer,https://github.com/OWASP/json-sanitizer/tree/fc612ab374de73d03864d56fb87b6a103b234489,com/google/json/JsonSanitizer.java,https://github.com/OWASP/json-sanitizer/tree/fc612ab374de73d03864d56fb87b6a103b234489/src/main/java/com/google/json/JsonSanitizer.java#L209,method,sanitize(),209-495,https://github.com/OWASP/json-sanitizer/blob/fc612ab374de73d03864d56fb87b6a103b234489/src/main/java/com/google/json/JsonSanitizer.java#L353C1-L362C20,nested if,3m36s
92,loehndorf-scengen,https://github.com/loehndorf/scengen/tree/5e11067f76f5631a31b75f823cd3666a769b098f,scengen/application/Generator.java,https://github.com/loehndorf/scengen/tree/5e11067f76f5631a31b75f823cd3666a769b098f/src/main/java/scengen/application/Generator.java#L49,method,main(String...),49-229,https://github.com/loehndorf/scengen/blob/5e11067f76f5631a31b75f823cd3666a769b098f/src/main/java/scengen/application/Generator.java#L186C3-L195C6,exception,7m9s
91,meteoinfo-wContour,https://github.com/meteoinfo/wContour/tree/dade1e866bf3d3eab56bd09f2b1dcdac5c1ee6f6,wcontour/Contour.java,https://github.com/meteoinfo/wContour/tree/dade1e866bf3d3eab56bd09f2b1dcdac5c1ee6f6/src/main/java/wcontour/Contour.java#L3046,method,"tracingPolygons(List, List, Extent, double)",3046-3479,https://github.com/meteoinfo/wContour/blob/dade1e866bf3d3eab56bd09f2b1dcdac5c1ee6f6/src/main/java/wcontour/Contour.java#L3109C1-L3123C26,nested if,9m15s
90,tud-fop-j-Algo,https://github.com/tud-fop/j-Algo/tree/f59fbbd9ccc3f41d6866fda44324622e2b47eef2,c00/parser/C00Parser.java,https://github.com/tud-fop/j-Algo/tree/f59fbbd9ccc3f41d6866fda44324622e2b47eef2/src/main/java/c00/parser/C00Parser.java#L2544,method,varDeclarations(),2544-3010,https://github.com/tud-fop/j-Algo/blob/f59fbbd9ccc3f41d6866fda44324622e2b47eef2/src/main/java/c00/parser/C00Parser.java#L2611C9-L2627C10,nested if,7m6s
90,sbesada-java.math.expression.parser,https://github.com/sbesada/java.math.expression.parser/tree/cc92f58f6074b21cf6f5d4056b7f7cc5168f50af,com/expression/parser/function/ComplexFunction.java,https://github.com/sbesada/java.math.expression.parser/tree/cc92f58f6074b21cf6f5d4056b7f7cc5168f50af/src/main/java/com/expression/parser/function/ComplexFunction.java#L76,method,"eval(String, List, List)",76-423,https://github.com/sbesada/java.math.expression.parser/blob/cc92f58f6074b21cf6f5d4056b7f7cc5168f50af/src/main/java/com/expression/parser/function/ComplexFunction.java#L102C2-L107C18,recursive,4m0s
90,albfernandez-itext2,https://github.com/albfernandez/itext2/tree/5ac684e2140a3d9a5b4c34dfd2639dcc87884ad0,com/lowagie/text/pdf/codec/TiffImage.java,https://github.com/albfernandez/itext2/tree/5ac684e2140a3d9a5b4c34dfd2639dcc87884ad0/src/main/java/com/lowagie/text/pdf/codec/TiffImage.java#L285,method,"getTiffImageColor(TIFFDirectory, RandomAccessFileOrArray)",285-523,https://github.com/albfernandez/itext2/blob/5ac684e2140a3d9a5b4c34dfd2639dcc87884ad0/src/main/java/com/lowagie/text/pdf/codec/TiffImage.java#L494-L502,nested if,6m5s
89,StarlangSoftware-Corpus,https://github.com/StarlangSoftware/Corpus/tree/c0b50a746e5179df1b236273bcf1ec6d1cc988c7,Corpus/SentenceSplitter.java,https://github.com/StarlangSoftware/Corpus/tree/c0b50a746e5179df1b236273bcf1ec6d1cc988c7/src/main/java/Corpus/SentenceSplitter.java#L298,method,split(String),298-498,https://github.com/StarlangSoftware/Corpus/blob/c0b50a746e5179df1b236273bcf1ec6d1cc988c7/src/main/java/Corpus/SentenceSplitter.java#L319C24-L362C26,nested if,4m59s
n/a,SoftEngResearch-imop,https://github.com/SoftEngResearch/imop/tree/fc59fb1ef0b8478e795bb6dc29bef66a3a255d43,maven-plugin/src/main/java/org/iemop/util/sclasses/JDeps.java,https://github.com/SoftEngResearch/imop/tree/fc59fb1ef0b8478e795bb6dc29bef66a3a255d43/maven-plugin/src/main/java/org/iemop/util/sclasses/JDeps.java#77,method,getDepsFromJdepsOutput(StringWriter),77-114,https://github.com/SoftEngResearch/imop/blob/fc59fb1ef0b8478e795bb6dc29bef66a3a255d43/maven-plugin/src/main/java/org/iemop/util/sclasses/JDeps.java#L86-L96,my code,1m50s
n/a,SoftEngResearch-imop,https://github.com/SoftEngResearch/imop/tree/fc59fb1ef0b8478e795bb6dc29bef66a3a255d43,maven-plugin/src/main/java/org/iemop/util/sclasses/JDeps.java,https://github.com/SoftEngResearch/imop/tree/fc59fb1ef0b8478e795bb6dc29bef66a3a255d43/maven-plugin/src/main/java/org/iemop/util/sclasses/JDeps.java#77,method,getDepsFromJdepsOutput(StringWriter),77-114,https://github.com/SoftEngResearch/imop/blob/fc59fb1ef0b8478e795bb6dc29bef66a3a255d43/maven-plugin/src/main/java/org/iemop/util/sclasses/JDeps.java#L105-L110,my code,1m55s
n/a,SoftEngResearch-imop,https://github.com/SoftEngResearch/imop/tree/fc59fb1ef0b8478e795bb6dc29bef66a3a255d43,maven-plugin/src/main/java/org/iemop/util/hasher/IncrementalJarCleaner.java,https://github.com/SoftEngResearch/imop/tree/fc59fb1ef0b8478e795bb6dc29bef66a3a255d43/maven-plugin/src/main/java/org/iemop/util/hasher/IncrementalJarCleaner.java#L41,method,"cleanByteCode(Set<Path>,String,String)",41-113,https://github.com/SoftEngResearch/imop/blob/fc59fb1ef0b8478e795bb6dc29bef66a3a255d43/maven-plugin/src/main/java/org/iemop/util/hasher/IncrementalJarCleaner.java#L64-L66,my code,10m5s
n/a,SoftEngResearch-imop,https://github.com/SoftEngResearch/imop/tree/fc59fb1ef0b8478e795bb6dc29bef66a3a255d43,maven-plugin/src/main/java/org/iemop/util/hasher/IncrementalJarCleaner.java,https://github.com/SoftEngResearch/imop/tree/fc59fb1ef0b8478e795bb6dc29bef66a3a255d43/maven-plugin/src/main/java/org/iemop/util/hasher/IncrementalJarCleaner.java#L41,method,"cleanByteCode(Set<Path>,String,String)",41-113,https://github.com/SoftEngResearch/imop/blob/fc59fb1ef0b8478e795bb6dc29bef66a3a255d43/maven-plugin/src/main/java/org/iemop/util/hasher/IncrementalJarCleaner.java#L93-L95,my code,3m20s
n/a,SoftEngResearch-imop,https://github.com/SoftEngResearch/imop/tree/fc59fb1ef0b8478e795bb6dc29bef66a3a255d43,maven-plugin/src/main/java/org/iemop/util/hasher/IncrementalJarCleaner.java,https://github.com/SoftEngResearch/imop/tree/fc59fb1ef0b8478e795bb6dc29bef66a3a255d43/maven-plugin/src/main/java/org/iemop/util/hasher/IncrementalJarCleaner.java#L41,method,"cleanByteCode(Set<Path>,String,String)",41-113,https://github.com/SoftEngResearch/imop/blob/fc59fb1ef0b8478e795bb6dc29bef66a3a255d43/maven-plugin/src/main/java/org/iemop/util/hasher/IncrementalJarCleaner.java#L73-L77,my code,15m3s
n/a,SoftEngResearch-imop,https://github.com/SoftEngResearch/imop/tree/fc59fb1ef0b8478e795bb6dc29bef66a3a255d43,maven-plugin/src/main/java/org/iemop/util/hasher/IncrementalJarCleaner.java,https://github.com/SoftEngResearch/imop/tree/fc59fb1ef0b8478e795bb6dc29bef66a3a255d43/maven-plugin/src/main/java/org/iemop/util/hasher/IncrementalJarCleaner.java#L115,method,"cleanByteCodeSingleThread(Set<Path>,String,String)",115-176,https://github.com/SoftEngResearch/imop/blob/fc59fb1ef0b8478e795bb6dc29bef66a3a255d43/maven-plugin/src/main/java/org/iemop/util/hasher/IncrementalJarCleaner.java#L144-L152,my code,9m32s
n/a,SoftEngResearch-imop,https://github.com/SoftEngResearch/imop/tree/fc59fb1ef0b8478e795bb6dc29bef66a3a255d43,maven-plugin/src/main/java/org/iemop/util/hasher/IncrementalJarCleaner.java,https://github.com/SoftEngResearch/imop/tree/fc59fb1ef0b8478e795bb6dc29bef66a3a255d43/maven-plugin/src/main/java/org/iemop/util/hasher/IncrementalJarCleaner.java#L115,method,"cleanByteCodeSingleThread(Set<Path>,String,String)",115-176,https://github.com/SoftEngResearch/imop/blob/fc59fb1ef0b8478e795bb6dc29bef66a3a255d43/maven-plugin/src/main/java/org/iemop/util/hasher/IncrementalJarCleaner.java#L157-L160,my code,1m44s
n/a,SoftEngResearch-imop,https://github.com/SoftEngResearch/imop/tree/fc59fb1ef0b8478e795bb6dc29bef66a3a255d43,maven-plugin/src/main/java/org/iemop/util/dclasses/DynamicDepsBuilder.java,https://github.com/SoftEngResearch/imop/tree/fc59fb1ef0b8478e795bb6dc29bef66a3a255d43/maven-plugin/src/main/java/org/iemop/util/dclasses/DynamicDepsBuilder.java#L35,method,"build(String,List<Jar>,boolean,boolean)",35-122,https://github.com/SoftEngResearch/imop/blob/fc59fb1ef0b8478e795bb6dc29bef66a3a255d43/maven-plugin/src/main/java/org/iemop/util/dclasses/DynamicDepsBuilder.java#L63-L69,my code,6m2s
n/a,SoftEngResearch-imop,https://github.com/SoftEngResearch/imop/tree/fc59fb1ef0b8478e795bb6dc29bef66a3a255d43,maven-plugin/src/main/java/org/iemop/util/dclasses/DynamicDepsBuilder.java,https://github.com/SoftEngResearch/imop/tree/fc59fb1ef0b8478e795bb6dc29bef66a3a255d43/maven-plugin/src/main/java/org/iemop/util/dclasses/DynamicDepsBuilder.java#L35,method,"build(String,List<Jar>,boolean,boolean)",35-122,https://github.com/SoftEngResearch/imop/blob/fc59fb1ef0b8478e795bb6dc29bef66a3a255d43/maven-plugin/src/main/java/org/iemop/util/dclasses/DynamicDepsBuilder.java#L93-L99,my code,10m48s
n/a,SoftEngResearch-imop,https://github.com/SoftEngResearch/imop/tree/fc59fb1ef0b8478e795bb6dc29bef66a3a255d43,maven-plugin/src/main/java/org/iemop/util/dclasses/DynamicDepsBuilder.java,https://github.com/SoftEngResearch/imop/tree/fc59fb1ef0b8478e795bb6dc29bef66a3a255d43/maven-plugin/src/main/java/org/iemop/util/dclasses/DynamicDepsBuilder.java#L35,method,"build(String,List<Jar>,boolean,boolean)",35-122,https://github.com/SoftEngResearch/imop/blob/fc59fb1ef0b8478e795bb6dc29bef66a3a255d43/maven-plugin/src/main/java/org/iemop/util/dclasses/DynamicDepsBuilder.java#L40-L49,my code,8m7s
80,attoparser-attoparser,https://github.com/attoparser/attoparser/tree/e1049dcd8261fe315b679029e711a9f5ea03f1cc,org/attoparser/select/MarkupSelectorItems.java,https://github.com/attoparser/attoparser/tree/e1049dcd8261fe315b679029e711a9f5ea03f1cc/src/main/java/org/attoparser/select/MarkupSelectorItems.java#L115,method,"parseSelector(boolean, String, MarkupSelectorItem.IAttributeCondition, MarkupSelectorItem.IndexCondition, IMarkupSelectorReferenceResolver)",115-473,https://github.com/attoparser/attoparser/blob/e1049dcd8261fe315b679029e711a9f5ea03f1cc/src/main/java/org/attoparser/select/MarkupSelectorItems.java#L249C1-L255C14,"complex ops, rv",3m16s
80,attoparser-attoparser,https://github.com/attoparser/attoparser/tree/e1049dcd8261fe315b679029e711a9f5ea03f1cc,org/attoparser/select/MarkupSelectorItems.java,https://github.com/attoparser/attoparser/tree/e1049dcd8261fe315b679029e711a9f5ea03f1cc/src/main/java/org/attoparser/select/MarkupSelectorItems.java#L115,method,"parseSelector(boolean, String, MarkupSelectorItem.IAttributeCondition, MarkupSelectorItem.IndexCondition, IMarkupSelectorReferenceResolver)",115-473,https://github.com/attoparser/attoparser/blob/e1049dcd8261fe315b679029e711a9f5ea03f1cc/src/main/java/org/attoparser/select/MarkupSelectorItems.java#L407C1-L417C22,"complex ops, rv",1m50s
73,tommyettinger-RegExodus,https://github.com/tommyettinger/RegExodus/tree/48a8167a5dc1e381fc741fabd425965a22aa1503,regexodus/Term.java,https://github.com/tommyettinger/RegExodus/tree/48a8167a5dc1e381fc741fabd425965a22aa1503/src/main/java/regexodus/Term.java#L1373,method,toString(),1373-1694,https://github.com/tommyettinger/RegExodus/blob/48a8167a5dc1e381fc741fabd425965a22aa1503/src/main/java/regexodus/Term.java#L1618C1-L1626C18,"guarded, rv",2m30s
68,tommyettinger-RegExodus,https://github.com/tommyettinger/RegExodus/tree/48a8167a5dc1e381fc741fabd425965a22aa1503,regexodus/Term.java,https://github.com/tommyettinger/RegExodus/tree/48a8167a5dc1e381fc741fabd425965a22aa1503/src/main/java/regexodus/Term.java#L416,method,"append(int, int, char, int, int, ArrayList, HashMap)",416-599,https://github.com/tommyettinger/RegExodus/blob/48a8167a5dc1e381fc741fabd425965a22aa1503/src/main/java/regexodus/Term.java#L521C1-L539C30,"guarded, rv",8m12s
71,mvel-mvel,https://github.com/mvel/mvel/tree/236d37bc78a158553592afedbbf1aa27815efb78,org/mvel2/optimizers/impl/asm/ASMAccessorOptimizer.java,https://github.com/mvel/mvel/tree/236d37bc78a158553592afedbbf1aa27815efb78/src/main/java/org/mvel2/optimizers/impl/asm/ASMAccessorOptimizer.java#L1060,method,"getBeanProperty(Object, String)",1060-1335,https://github.com/mvel/mvel/blob/236d37bc78a158553592afedbbf1aa27815efb78/src/main/java/org/mvel2/optimizers/impl/asm/ASMAccessorOptimizer.java#L1212C1-L1220C12,"exception, rv",12m21s
80,codelibs-jcifs,https://github.com/codelibs/jcifs/tree/c9ad4eeaf763ad764cb485c4149a0b236eaa7d3e,jcifs/smb/SmbSessionImpl.java,https://github.com/codelibs/jcifs/tree/c9ad4eeaf763ad764cb485c4149a0b236eaa7d3e/src/main/java/jcifs/smb/SmbSessionImpl.java#L845,method,"sessionSetupSMB1(SmbTransportImpl, String, ServerMessageBlock, ServerMessageBlock)",845-1134,https://github.com/codelibs/jcifs/blob/c9ad4eeaf763ad764cb485c4149a0b236eaa7d3e/src/main/java/jcifs/smb/SmbSessionImpl.java#L898C1-L902C85,"guarded, rv",failed
75,Isaac315-sql-translator,https://github.com/Isaac315/sql-translator/tree/78f3fb0091c94563a640ef672de3e75e2b5c3bb2,com/raysonfang/sqltranslator/sql/dialect/oracle/util/OracleSQLDataTypeTransformUtil.java,https://github.com/Isaac315/sql-translator/tree/78f3fb0091c94563a640ef672de3e75e2b5c3bb2/src/main/java/com/raysonfang/sqltranslator/sql/dialect/oracle/util/OracleSQLDataTypeTransformUtil.java#L23,method,transformOracleToMySql(SQLDataType),23-264,https://github.com/Isaac315/sql-translator/blob/78f3fb0091c94563a640ef672de3e75e2b5c3bb2/src/main/java/com/raysonfang/sqltranslator/sql/dialect/oracle/util/OracleSQLDataTypeTransformUtil.java#L209C1-L216C70,"guarded, rv",5m28s
76,narupley-not-going-to-be-commons-ssl,https://github.com/narupley/not-going-to-be-commons-ssl/tree/346bb4e8481316687a643219800a398ecd8f62a8,org/apache/commons/ssl/PKCS8Key.java,https://github.com/narupley/not-going-to-be-commons-ssl/tree/346bb4e8481316687a643219800a398ecd8f62a8/src/main/java/org/apache/commons/ssl/PKCS8Key.java#L476,method,"decryptPKCS8(ASN1Structure, char)",476-770,https://github.com/narupley/not-going-to-be-commons-ssl/blob/346bb4e8481316687a643219800a398ecd8f62a8/src/main/java/org/apache/commons/ssl/PKCS8Key.java#L659C1-L695C18,"guarded, rv",3m56s
87,meteoinfo-wContour,https://github.com/meteoinfo/wContour/tree/dade1e866bf3d3eab56bd09f2b1dcdac5c1ee6f6,wcontour/Contour.java,https://github.com/meteoinfo/wContour/tree/dade1e866bf3d3eab56bd09f2b1dcdac5c1ee6f6/src/main/java/wcontour/Contour.java#L4070,method,"tracingPolygons_Ring(List, List, Border, double, int)",4070-4503,https://github.com/meteoinfo/wContour/blob/dade1e866bf3d3eab56bd09f2b1dcdac5c1ee6f6/src/main/java/wcontour/Contour.java#L4177C1-L4190C38,"nested, rv",18m44s