file,line,status
src/main/java/com/github/jaiimageio/impl/plugins/raw/RawRenderedImage.java,451,NOT_COVERED
src/main/java/com/github/jaiimageio/impl/plugins/raw/RawRenderedImage.java,452,NOT_COVERED
src/main/java/com/github/jaiimageio/impl/plugins/raw/RawRenderedImage.java,453,EMPTY
src/main/java/com/github/jaiimageio/impl/plugins/raw/RawRenderedImage.java,454,NOT_COVERED
src/main/java/com/github/jaiimageio/impl/plugins/raw/RawRenderedImage.java,455,NOT_COVERED
src/main/java/com/github/jaiimageio/impl/plugins/raw/RawRenderedImage.java,456,EMPTY
src/main/java/com/github/jaiimageio/impl/plugins/raw/RawRenderedImage.java,457,NOT_COVERED
src/main/java/com/github/jaiimageio/impl/plugins/raw/RawRenderedImage.java,458,NOT_COVERED
src/main/java/com/github/jaiimageio/impl/plugins/raw/RawRenderedImage.java,459,EMPTY
src/main/java/com/github/jaiimageio/impl/plugins/raw/RawRenderedImage.java,460,NOT_COVERED
src/main/java/com/github/jaiimageio/impl/plugins/raw/RawRenderedImage.java,461,NOT_COVERED
src/main/java/com/github/jaiimageio/impl/plugins/raw/RawRenderedImage.java,462,EMPTY
src/main/java/com/github/jaiimageio/impl/plugins/raw/RawRenderedImage.java,463,NOT_COVERED
src/main/java/com/github/jaiimageio/impl/plugins/raw/RawRenderedImage.java,464,NOT_COVERED
src/main/java/com/github/jaiimageio/impl/plugins/raw/RawRenderedImage.java,465,EMPTY
